dotNumber,legalName,dbaName,mcNumber,dotStatus,mcStatus,status,operatingAuthorityType,entityType,phone,email,officerName,officerTitle,officerPhone,officerEmail,physicalAddress,city,state,zip,mailingAddress,powerUnits,drivers,mcs150Date,mcs150Mileage,businessType,outOfService,sourceUrl
1000000,JAMES EARL KILLINGSWORTH JR,JAMES KILLINGSWORTH TRUCKING,MC1111926,Active,Active,Active,Motor Carrier of Property (Except Household Goods),Motor Carrier (US/Canada),7063251816,ecollum78@yahoo.com,JAMES EARL KILLINGSWORTH,OWNER-SOLE PROPRIETOR ONLY,7063251816,ecollum78@yahoo.com,15 GASLINE ROAD,PHENIX CITY,AL,36870,"15 GASLINE ROAD, PHENIX CITY, AL, 36870",0,2,2026-04-21,24227,Other,NO,https://motus.dot.gov/api/carriers/1000000
3000000,ROBCO ENTERPRISES,ROBCO ENTERPRISES,MC23559,Active,Inactive,Active,Broker of Household Goods,Broker,8656617698,robertmjones38@yahoo.com,ROBERT MEREDITH JONES,PRESIDENT,8656617698,robertmjones38@yahoo.com,3522 PLUMWOOD DR,KNOXVILLE,TN,37921-1431,"3522 PLUMWOOD DR, KNOXVILLE, TN, 37921",0,0,2017-04-23,0,Other,NO,https://motus.dot.gov/api/carriers/3000000
2500000,IVES HOME INSPECTION LLC,IVES TOWING COMPANY,,Active,N/A,Active,,Shipper,7632912512,joe@iveshomeinspection.com,JOSEPH JOHN IVES,PRESIDENT,7632912512,joe@iveshomeinspection.com,3343 VINCENT AVENUE NORTH,MINNEAPOLIS,MN,55412,"3343 VINCENT AVENUE NORTH, MINNEAPOLIS, MN, 55412",0,1,2014-04-19,10000,Other,NO,https://motus.dot.gov/api/carriers/2500000
5024086,Transapex Logistics Inc.,Transapex Logistics Inc.,MC57306794,Active,Pending,Active,Broker of Property (Except Household Goods),Regulated Entity,+1 (302) 499-8088,info@transapexlogistics.com,Jibu Jose,President,+1 (302) 499-8088,jjose@transapexlogistics.com,8 THE GREEN SUITE B,DOVER,DE,19901,"8 THE GREEN SUITE B, DOVER, DE, 19901",,,,,Corporation (State of Incorporation),NO,https://motus.dot.gov/api/carriers/5024086
4580148,INTEGRITY FREIGHT & LOGISTICS LLC,INTEGRITY FREIGHT & LOGISTICS LLC,MC75242032,Active,Pending,Active,Broker of Property (Except Household Goods),Broker,7142318761,mike.entzminger@integrityfreightlogistics.net,MICHAEL ENTZMINGER,OWNER,+1 (714) 231-8761,mike.entzminger@integrityfreightlogistics.net,PO BOX 521,RAMONA,CA,92065-0521,"1435 Lilac Rd, RAMONA, CA, 92065",0,0,2026-05-08,0,Limited Liability Company,NO,https://motus.dot.gov/api/carriers/4580148
7976109,Bowden's Logistics LLC,Bowden's Logistics LLC,MC69161643,Active,Pending,Active,Broker of Property (Except Household Goods),Regulated Entity,+1 (908) 294-7051,tbowlogistics@gmail.com,Thomas Bowden,Owner,+1 (908) 294-7051,tbowden1831@gmail.com,124 Birch Hollow Dr,Bordentown,NJ,08505,"124 Birch Hollow Dr, Bordentown, NJ, 08505",,,,,Limited Liability Company,NO,https://motus.dot.gov/api/carriers/7976109
7486048,FWL INC,Fairway Logistics,MC82794615,Active,Pending,Active,Broker of Property (Except Household Goods),Regulated Entity,+1 (209) 644-0002,adilafraz99@gmail.com,Mohammad Afraz,Owner,+1 (209) 644-0002,adilafraz99@gmail.com,1304 Amanda Jill CT,Lawrenceville,GA,30045,"1304 Amanda Jill CT, Lawrenceville, GA, 30045",,,,,Corporation (State of Incorporation),NO,https://motus.dot.gov/api/carriers/7486048
3686211,FAMILY FREIGHT TRUCKING LLC,FAMILY FREIGHT TRUCKING LLC,MC53814074,Active,Pending,Active,Broker of Property (Except Household Goods),Motor Carrier (US/Canada),8159883998,justinhouse@familyfreighttrucking.com,JUSTIN HOUSE,OWNER,8159883998,justinhouse@familyfreighttrucking.com,8 E ADAMS ST,MILLEDGEVILLE,IL,61051-9017,"8 E ADAMS ST, MILLEDGEVILLE, IL, 61051",0,18,2026-05-06,1418465,Other,NO,https://motus.dot.gov/api/carriers/3686211
6663368,STRADA LOGISTICS LLC,STRADA LOGISTICS LLC,MC55108976,Active,Pending,Active,Broker of Property (Except Household Goods),Regulated Entity,+1 (754) 277-9152,stradalogistics@protonmail.com,Maximiliano Calvo,SECRETARY,+1 (754) 277-9152,stradalogistics@protonmail.com,8150 Northwest 84th Street suite12,MIAMI,FL,33166,"8150 Northwest 84th Street suite12, MIAMI, FL, 33166",,,,,Limited Liability Company,NO,https://motus.dot.gov/api/carriers/6663368
5097708,"Global Motion Forwarding, Inc.","Global Motion Forwarding, Inc.",MC86150469,Active,Pending,Active,Broker of Property (Except Household Goods),Regulated Entity,+1 (424) 323-2809,mike.mielke@globalmotion.com,Michael Mielke,General Manager,+1 (424) 323-2809,mike.mielke@globalmotion.com,12333 S Van Ness Ave,Hawthorne,CA,90250-3320,"12333 S Van Ness Ave, Hawthorne, CA, 90250-3320",,,,,Corporation (State of Incorporation),NO,https://motus.dot.gov/api/carriers/5097708
5258827,GREEN HAWK AUTO GROUP CORP,GREEN HAWK AUTO GROUP CORP,MC91758495,Active,Pending,Active,Broker of Property (Except Household Goods),Broker,+1 (267) 969-4147,greenhawkautogroup@gmail.com,Teimuraz Koridze,Owner,+1 (267) 969-4147,greenhawkautogroup@gmail.com,1833 Hendrickson street,Brooklyn,NY,11234,"1833 Hendrickson street, Brooklyn, NY, 11234",,,,,Corporation (State of Incorporation),NO,https://motus.dot.gov/api/carriers/5258827
4798462,Douglas & Son Transport,Douglas & Son Transport,MC56627218,Active,Pending,Active,Broker of Property (Except Household Goods),Broker,+1 (910) 434-3314,douglastransport22@yahoo.com,Demario Douglas,Owner,+1 (910) 434-3314,douglastransport22@yahoo.com,134 Sedgefield rd,Rockingham,NC,28379,"134 Sedgefield rd, Rockingham, NC, 28379",,,,,Limited Liability Company,NO,https://motus.dot.gov/api/carriers/4798462
4783598,JCG BROKERING LLC,JCG BROKERING LLC,MC49253971,Active,Pending,Active,Broker of Property (Except Household Goods),Broker,+1 (206) 786-8682,jcgbrokering@gmail.com,Jorge Cortes,Owner,+1 (206) 786-8682,jcgbrokering@gmail.com,11228 SE 299TH PL,AUBURN,WA,98092,"11228 SE 299TH PL, AUBURN, WA, 98092",,,,,Limited Liability Company,NO,https://motus.dot.gov/api/carriers/4783598
7148410,Renda Logistics Inc,Renda Logistics Inc,MC98407245,Active,Pending,Active,Broker of Property (Except Household Goods),Regulated Entity,+1 (615) 899-9871,brendan@rendalogistics.com,BRENDAN KAMM,Owner,+1 (615) 899-9871,brendan@rendalogistics.com,7209 Haley Industrial Blvd STE 100,Nolensville,TN,37135,"7209 Haley Industrial Blvd STE 100, Nolensville, TN, 37135",,,,,Corporation (State of Incorporation),NO,https://motus.dot.gov/api/carriers/7148410
6979863,Roche Logistics LLC,Roche Logistics LLC,MC65110212,Active,Pending,Active,Broker of Property (Except Household Goods),Regulated Entity,+1 (704) 607-5336,jkroche@yahoo.com,James Kevin,Owner,+1 (704) 607-5336,jkroche@yahoo.com,8480 Honeycutt Rd Ste 200,Raleigh,NC,27615-2261,"8480 Honeycutt Rd Ste 200, Raleigh, NC, 27615-2261",,,,,Limited Liability Company,NO,https://motus.dot.gov/api/carriers/6979863
7268817,Fergo Contracting Corp,Fergo Contracting Corp,MC76335493,Active,Pending,Active,Enterprise Motor Carrier of Property (Except Household Goods),Motor Carrier (US/Canada),+1 (845) 270-5084,contact@fergocontracting.com,luis fernandez,Owner,+1 (862) 304-8562,contact@fergocontracting.com,5 treelyn ct,NANUET,NY,10954,"5 treelyn ct, NANUET, NY, 10954",,0,,,Corporation (State of Incorporation),NO,https://motus.dot.gov/api/carriers/7268817
6279178,Rampside Freight Solutions,Rampside Freight Solutions,MC69777826,Active,Pending,Active,Broker of Property (Except Household Goods),Regulated Entity,+1 (773) 919-8676,info@rampsidefreight.com,Dwaine Wright,Owner,+1 (872) 371-4037,wright_dwaine@yahoo.com,900 S Clark St. 1801,Chicago,IL,60605,"205 N Michigan Ave Suite 810, Chicago, IL, 60601",,,,,Limited Liability Company,NO,https://motus.dot.gov/api/carriers/6279178
9597645,OTO transportation LLC,"OTO TRANSPORT, INC.",FF87974524,Active,Pending,Active,Freight Forwarder of Property (Except Household Goods),Freight Forwarder,+1 (224) 334-7956,moudy.taee@gmail.com,Moudy Taee,Owner,+1 (224) 334-7956,moudy.taee@gmail.com,1329 Highland Dr Apt D,Des Plaines,IL,60018,"1329 Highland Dr Apt D, Des Plaines, IL, 60018",,,,,Sole Proprietor,NO,https://motus.dot.gov/api/carriers/9597645
9326524,ExpresKid83 LLC,ExpresKid83 LLC,FF92901579,Active,Pending,Active,Freight Forwarder of Property (Except Household Goods),Regulated Entity,+1 (803) 318-9848,twizzlurk38@gmail.com,Damien McDonald,CEO,+1 (803) 318-9848,5050dmcdonald@gmail.com,PO BOX 446,Effingham,SC,29541,"2600 South Vance Drive, Florence, SC, 29505",,,,,Sole Proprietor,NO,https://motus.dot.gov/api/carriers/9326524
479528,DUTCHLAND REFRIGERATED TRANSPORT INC,DUTCHLAND REFRIGERATED TRANSPORT INC,FF62825873,Active,Pending,Active,Freight Forwarder of Property (Except Household Goods),Motor Carrier (US/Canada),8005423221,dutchlandtransport@hotmail.com,TOMMY STEGALL JR,PRESIDENT,8005423221,dutchlandtransport@hotmail.com,PO BOX 295,NEWMANSTOWN,PA,17073,"104 SOUTH FORT ZELLERS ROAD, NEWMANSTOWN, PA, 17073",0,1,2024-09-23,140000,Corporation (State of Incorporation),NO,https://motus.dot.gov/api/carriers/479528
2059010,PUNJABI BOYS TRANSPORT INC,PUNJABI BOYS TRANSPORT INC,MC720556,Inactive,Inactive,Inactive,Motor Carrier of Property (Except Household Goods),Motor Carrier (US/Canada),2156892971,bobby3224@gmail.com,PAVITER SINGH,OWNER,2679943222,bobby3224@gmail.com,4260 ARAMINGO AVE,PHILADELPHIA,PA,19124,"4260 ARAMINGO AVE, PHILADELPHIA, PA, 19124",0,3,2010-07-24,75000,Other,YES,https://motus.dot.gov/api/carriers/2059010
5858387,Luxor Trucking LLC,Luxor Trucking LLC,FF90620072,Active,Pending,Active,Freight Forwarder of Property (Except Household Goods),Regulated Entity,+1 (602) 637-3041,dispatch@luxortrucking.com,Kyle Fontes,Owner,+1 (602) 637-3041,dispatch@luxortrucking.com,8310 S 45th Ave,Laveen,AZ,85339,"8310 S 45th Ave, Laveen, AZ, 85339",,,,,Limited Liability Company,NO,https://motus.dot.gov/api/carriers/5858387
8972022,"Execuone Logistics Group, LLC",ELG Delivers,MC66509706,Active,Pending,Active,Motor Carrier of Property (Except Household Goods),Regulated Entity,+1 (612) 212-0599,info@execuonelogisticsgroup.com,Ireja Brady,Operations_Manager,+1 (612) 212-0599,chanilbrady@gmail.com,606 Hwy-61 Suite 622 Mailbox 105,VILLA RICA,GA,30180,"228 AUGUSTA WOODS DR, VILLA RICA, GA, 30180",,0,2026-10-02,0,Limited Liability Company,NO,https://motus.dot.gov/api/carriers/8972022
8130587,Tyler's Professional Installation LLC,Tyler's Professional Installation LLC,FF79840727,Active,Pending,Active,Freight Forwarder of Property (Except Household Goods),Regulated Entity,+1 (678) 787-7363,brianna.terrell95@gmail.com,Brianna Lopez,CFO,+1 (678) 787-7363,brianna.terrell95@gmail.com,310 Dogwood Drive,Moultrie,GA,31788,"310 Dogwood Drive, Moultrie, GA, 31788",,,,,Corporation (State of Incorporation),NO,https://motus.dot.gov/api/carriers/8130587
4562179,NEW RUN USA CORP,NEW RUN USA CORP,MC74707577,Active,Pending,Active,Broker of Property (Except Household Goods),Freight Forwarder,+1 (213) 378-3462,irenekim@newrunusa.com,Junwoo Kim,CFO,+1 (213) 378-3462,junwoo.kim@newrunusa.com,1325 SATELLITE BLVD NW STE 105E,SUWANEE,GA,30024,"1325 SATELLITE BLVD NW STE 105E, SUWANEE, GA, 30024-4697",0,0,2026-04-11,0,Corporation (State of Incorporation),NO,https://motus.dot.gov/api/carriers/4562179
7163413,JER TRUCKING LLC,JER TRUCKING LLC,MC61063210,Active,Pending,Active,Motor Carrier of Household Goods,Regulated Entity,+1 (240) 367-1761,jertruckingllc@gmail.com,JOSE RAMOS RIVAS,Owner,+1 (240) 367-1761,jertruckingllc@gmail.com,10913 Stuart Dr,Williamsport,MD,21795,"10913 Stuart Dr, Williamsport, MD, 21795",,1,2026-09-30,,Limited Liability Company,NO,https://motus.dot.gov/api/carriers/7163413
3778185,BVA CREW LLC,BVA CREW LLC,MC90894912,Active,Pending,Active,Motor Carrier of Property (Except Household Goods),Motor Carrier (US/Canada),+1 (347) 988-1815,bvacrew@gmail.com,Albina Begova,Owner,+1 (347) 988-1815,bvacrew@gmail.com,8804 Ferngrove Ct,Waxhaw,NC,28173,"8804 Ferngrove Ct, Waxhaw, NC, 28173",0,1,2026-09-30,0,Limited Liability Company,NO,https://motus.dot.gov/api/carriers/3778185
836551,TWIN OAKS MOVING COMPANY INC,TWIN OAKS MOVING COMPANY INC,FF90170111,Active,Pending,Active,Freight Forwarder of Household Goods,Motor Carrier (US/Canada),6097015111,direland@twinoaksmoving.com,JOHN O'CONNOR,VICE PRESIDENT,6097015111,direland@twinoaksmoving.com,163 ROUTE 130 STE 2F,BORDENTOWN,NJ,08505,"163 ROUTE 130 STE 2F, BORDENTOWN, NJ, 08505",0,1,2026-03-25,10000,Other,NO,https://motus.dot.gov/api/carriers/836551
4518939,AI FREIGHT LLC,AI FREIGHT LLC,MC90857878,Active,Pending,Active,Motor Carrier of Household Goods,Motor Carrier (US/Canada),+1 (614) 342-9269,aiplus1950@gmail.com,ABDIQANI ALI,OWNER,6142541567,sedsed2009@gmail.com,3993 SILVER SPRINGS LN,COLUMBUS,OH,43230-9875,"3993 SILVER SPRINGS LN, COLUMBUS, OH, 43230",0,1,2026-01-15,0,Limited Liability Company,NO,https://motus.dot.gov/api/carriers/4518939
6511218,FAMILY MOVING LLC,FAMILY MOVING LLC,MC73989491,Active,Pending,Active,Motor Carrier of Household Goods,Motor Carrier (US/Canada),+1 (203) 526-7061,familymoving2@gmail.com,EVELYN CARDOSO VICENCA,Assistant_Compliance_Manager,+1 (203) 526-7061,familymoving2@gmail.com,663 capitol ave,bridgeport,CT,06606,"663 capitol ave, bridgeport, CT, 06606",,0,,,Limited Liability Company,NO,https://motus.dot.gov/api/carriers/6511218
8567453,HOUSE TO HOUSE LLC,HOUSE TO HOUSE LLC,MC56873659,Active,Pending,Active,Motor Carrier of Household Goods,Motor Carrier (US/Canada),+1 (662) 871-2162,angus@housetohousellc.net,Angus Moorman,Owner,+1 (662) 871-2162,angus@housetohousellc.net,147 Baldwyn Avenue,SHANNON,MS,38868,"147 Baldwyn Avenue, SHANNON, MS, 38868",,0,2026-09-30,37432,Limited Liability Company,NO,https://motus.dot.gov/api/carriers/8567453
5298513,Lux Vecta Inc.,Lux Vecta Inc.,MC61695779,Pending,Pending,Pending,Motor Carrier of Property (Except Household Goods),Motor Carrier (US/Canada),+1 (585) 553-1299,jcrumity@luxvecta.com,Jeremiah Crumity,CEO,+1 (585) 553-1299,jcrumity@luxvecta.com,24 North Main St 10,fairport,NY,14450,"24 North Main St 10, fairport, NY, 14450",,0,2026-10-02,0,Corporation (State of Incorporation),NO,https://motus.dot.gov/api/carriers/5298513
4556978,JM3 TRANSPORTATION SERVICES LLC,JM3 TRANSPORTATION SERVICES LLC,MC89434073,Active,Pending,Active,Motor Carrier of Passengers,Motor Carrier (US/Canada),2082952879,spjaymclean01@mail.com,JUNIOUS JAMES MCLEAN 3RD,OWNER,2082952879,spjaymclean01@mail.com,3651 KEMPSFORD FIELD PL,WALDORF,MD,20602-2582,"3651 KEMPSFORD FIELD PL, WALDORF, MD, 20602-2582",0,0,2026-09-30,0,Other,NO,https://motus.dot.gov/api/carriers/4556978
8817511,Big Island Family Tours LLC,Big Island Family Tours LLC,MC59767418,Active,Pending,Active,Motor Carrier of Passengers,Regulated Entity,+1 (808) 987-6792,bigislandfamilytours@gmail.com,John Ma-e,Owner,+1 (808) 430-3994,bigislandfamilytours@gmail.com,PO Box 4971,Hilo,HI,96720,"11 Hokupaa St., Hilo, HI, 96720",,0,,,Limited Liability Company,NO,https://motus.dot.gov/api/carriers/8817511
7885558,Liberty Prime Limo LLC,Liberty Prime Limo LLC,MC50290727,Active,Pending,Active,Motor Carrier of Passengers,Motor Carrier (US/Canada),+1 (404) 809-0801,libertyprimelimo@gmail.com,Million Beshah,Owner,+1 (404) 809-0801,libertyprimelimo@gmail.com,3509 Johns Rd,Tucker,GA,30084,"3509 Johns Rd, Tucker, GA, 30084",,0,,,Limited Liability Company,NO,https://motus.dot.gov/api/carriers/7885558
8047935,"SMA LIMOUSINE, INC","SMA LIMOUSINE, INC",MC84935086,Active,Pending,Active,Motor Carrier of Passengers,Regulated Entity,+1 (630) 320-9220,info@smalimousine.com,Naeem Kharal,President,+1 (312) 833-1895,naeemkharal@smalimousine.com,1S256 Windsor Lane,Villa Park,IL,60181,"1S256 Windsor Lane, Villa Park, IL, 60181",,0,2026-09-30,,Corporation (State of Incorporation),NO,https://motus.dot.gov/api/carriers/8047935
9412051,AMSAR LLC,AMSAR LLC,MC87787400,Active,Pending,Active,Motor Carrier of Property (Except Household Goods),Regulated Entity,+1 (619) 372-4234,admin@amsarllc.com,Shagid Ramazanov,President,+1 (619) 372-4234,admin@amsarllc.com,8155 CROSSING DR,INDIANAPOLIS,IN,46227,"8155 CROSSING DR, INDIANAPOLIS, IN, 46227",,1,,,Limited Liability Company,NO,https://motus.dot.gov/api/carriers/9412051
8183131,SISTA LOGISTICS SOLUTIONS LLC,SISTA LOGISTICS SOLUTIONS LLC,MC82767952,Active,Pending,Active,Motor Carrier of Property (Except Household Goods),Motor Carrier (US/Canada),+1 (732) 997-5577,info@sistalogistics.com,Claudy Leogene,Owner,+1 (732) 997-5577,info@sistalogistics.com,19 Coral Dr,Howell,NJ,07731,"19 Coral Dr, Howell, NJ, 07731",,0,,,Limited Liability Company,NO,https://motus.dot.gov/api/carriers/8183131
2890579,JAVIER GOMEZ LOPEZ,KOOL TRANSPORT,MC68436313,Active,Pending,Active,Motor Carrier of Property (Except Household Goods),Motor Carrier (US/Canada),8317509892,kooltransportbilling@gmail.com,JAVIER GOMEZ LOPEZ,OWNER,8317509892,kooltransportbilling@gmail.com,1541 N FIRST STREET,SALINAS,CA,93906,"1541 N FIRST STREET, SALINAS, CA, 93906",0,4,2026-10-02,252114,Other,NO,https://motus.dot.gov/api/carriers/2890579
9689576,DIOGENES R GARCIA FERNANDEZ,DIOGENES R GARCIA FERNANDEZ,MC58343943,Active,Pending,Active,Motor Carrier of Property (Except Household Goods),Regulated Entity,+1 (916) 664-8039,garciadiogenes581@gmail.com,DIOGENES GARCIA FERNANDEZ,Owner,+1 (916) 664-8039,garciadiogenes581@gmail.com,7974 CAVALLI WAY,FAIR OAKS,CA,95628,"7974 CAVALLI WAY, FAIR OAKS, CA, 95628",,0,,,Sole Proprietor,NO,https://motus.dot.gov/api/carriers/9689576
8386914,JAL Logistics LLC,JAL Logistics LLC,MC52990655,Active,Pending,Active,Motor Carrier of Property (Except Household Goods),Motor Carrier (US/Canada),+1 (317) 513-2645,johdan.laureano@gmail.com,Johdan Laureano,Member,+1 (317) 513-2645,johdan.laureano@gmail.com,5008 greenside dr,indianapolis,IN,46235,"5008 greenside dr, indianapolis, IN, 46235",,0,,,Limited Liability Company,NO,https://motus.dot.gov/api/carriers/8386914
9690082,YEEHAUL TRUCKING LLC,YEEHAUL TRUCKING LLC,MC53772174,Active,Pending,Active,Motor Carrier of Property (Except Household Goods),Motor Carrier (US/Canada),+1 (405) 777-0213,tpate@yeehaultrucking.com,Travis Pate,Owner,+1 (405) 777-0213,tpate@yeehaultrucking.com,28 W Goodykoontz Ave,Sapulpa,OK,74066-6464,"28 W Goodykoontz Ave, Sapulpa, OK, 74066-6464",,1,,,Limited Liability Company,NO,https://motus.dot.gov/api/carriers/9690082
4817432,Brown Bunny Logistics LLC,Brown Bunny Logistics LLC,MC49402548,Active,Pending,Active,Motor Carrier of Property (Except Household Goods),Motor Carrier (US/Canada),+1 (602) 628-0104,brownbunnylogisticllc@gmail.com,Eliecer Arias,Owner,+1 (602) 628-0104,brownbunnylogisticllc@gmail.com,8417 West Agora Lane,Tolleson,AZ,85353,"8417 West Agora Lane, Tolleson, AZ, 85353",,0,2026-09-30,,Limited Liability Company,NO,https://motus.dot.gov/api/carriers/4817432
2573688,W CAIN FARMS LLC,W CAIN FARMS LLC,MC73429575,Active,Pending,Active,Motor Carrier of Property (Except Household Goods),Motor Carrier (US/Canada),8433196695,wcain245@gmail.com,JONATHAN WESLEY CAIN,PRESIDENT,8433196695,wcain245@gmail.com,342 N PAMPLICO HWY,PAMPLICO,SC,29583,"342 N PAMPLICO HWY, PAMPLICO, SC, 29583",0,2,2026-09-30,33287,Other,NO,https://motus.dot.gov/api/carriers/2573688
9715455,MED-QUEST COURIERS  LLC,MED-QUEST COURIERS  LLC,MC87141345,Active,Pending,Active,Motor Carrier of Property (Except Household Goods),Regulated Entity,+1 (817) 915-6930,michaelmatthews21@yahoo.com,MICHAEL MATTHEWS,Owner,+1 (817) 915-6930,michaelmatthews21@yahoo.com,7354 MEADOWBROOK DRIVE,FORTWORTH,TX,76112,"7354 MEADOWBROOK DRIVE, FORTWORTH, TX, 76112",,0,,,Limited Liability Company,NO,https://motus.dot.gov/api/carriers/9715455
6372107,What U Need Construction LLC,What U Need Construction LLC,MC56445353,Active,Pending,Active,Motor Carrier of Property (Except Household Goods),Regulated Entity,+1 (714) 476-2050,whatuneed@att.net,Ruben Villamar,Owner,+1 (714) 476-2050,whatuneed@att.net,13671 Currie Cir,Santa Ana,CA,92705,"13671 Currie Cir, Santa Ana, CA, 92705",,0,,,Limited Liability Company,NO,https://motus.dot.gov/api/carriers/6372107
9047716,Premium Delivery Transportation LLC,Premium Delivery Transportation LLC,MC71037753,Active,Pending,Active,Motor Carrier of Property (Except Household Goods),Motor Carrier (US/Canada),+1 (346) 420-6003,alejandrogarciadaniel42@gmail.com,MANUEL GARCIA CRUZ,Owner,+1 (346) 420-6003,alejandrogarciadaniel42@gmail.com,3450 BONWAY LANE,HOUSTON,TX,77045,"3450 BONWAY LANE, HOUSTON, TX, 77045",,1,2026-09-30,,Limited Liability Company,NO,https://motus.dot.gov/api/carriers/9047716
9827044,FAYLOT TRUCKING LLC,FAYLOT TRUCKING LLC,MC56400941,Active,Pending,Active,Motor Carrier of Property (Except Household Goods),Regulated Entity,+1 (786) 436-2707,faylottruckingllc@gmail.com,FAYLOT VARGAS NICARAGUA,Owner,+1 (786) 436-2707,faylotvargas8@gmail.com,610 N CEDAR ST,KERMIT,TX,79745-1404,"610 N CEDAR ST, KERMIT, TX, 79745-1404",,4,2026-09-30,1,Limited Liability Company,NO,https://motus.dot.gov/api/carriers/9827044
9086543,Paulsen Legacy Transport,Paulsen Legacy Transport,MC88906281,Active,Pending,Active,Motor Carrier of Property (Except Household Goods),Regulated Entity,+1 (423) 223-4867,paulsenjoey82@yahoo.com,Joey Paulsen,Owner,+1 (423) 223-4867,paulsen227@outlook.com,150 rugby pkwy,Robbins,TN,37852,"150 rugby pkwy, Robbins, TN, 37852",,0,,,Limited Liability Company,NO,https://motus.dot.gov/api/carriers/9086543
9702339,Jersey Tempered Glass Products Inc,Jersey Tempered Glass Products Inc,MC69690887,Active,Pending,Active,Motor Carrier of Property (Except Household Goods),Motor Carrier (US/Canada),+1 (718) 369-0600,valeria.l@cgp.nyc,Eugene Khorosh,Owner,+1 (718) 369-0600,ek@jerseytemperedglass.com,2035 Briggs Rd,Mt Laurel,NJ,08054,"2035 Briggs Rd, Mt Laurel, NJ, 08054",,0,,,Corporation (State of Incorporation),NO,https://motus.dot.gov/api/carriers/9702339
5335973,BELLA STRADA TRANSPORT L.L.C.,BELLA STRADA TRANSPORT L.L.C.,MC69986231,Active,Pending,Active,Motor Carrier of Property (Except Household Goods),Regulated Entity,+1 (614) 698-9209,saidhadi614@gmail.com,Mohamed Said,Owner,+1 (614) 698-9209,saidhadi614@gmail.com,860 Blue Gentian Road,EAGAN,MN,55121,"860 Blue Gentian Road, EAGAN, MN, 55121",,2,,,Limited Liability Company,NO,https://motus.dot.gov/api/carriers/5335973
9471260,KARATAY INC,KARATAY INC,MC45884798,Active,Pending,Active,Motor Carrier of Property (Except Household Goods),Motor Carrier (US/Canada),+1 (708) 927-3318,americano0788@gmail.com,DERYA KARATAYEV,President,+1 (708) 927-3318,americano0788@gmail.com,201 Carrington Blvd apt 8202,Mt Pleasant,WI,53177,"201 Carrington Blvd apt 8202, Mt Pleasant, WI, 53177",,1,,,Corporation (State of Incorporation),NO,https://motus.dot.gov/api/carriers/9471260
5364172,SAFE LINE LLC,SAFE LINE LLC,MC96275486,Active,Pending,Active,Motor Carrier of Property (Except Household Goods),Motor Carrier (US/Canada),+1 (954) 419-6467,safeline606@gmail.com,BENSONN NORMIL,Owner,+1 (954) 419-6467,safeline606@gmail.com,316 PLAINFIELD DR,GOLDSBORO,NC,27534,"316 PLAINFIELD DR, GOLDSBORO, NC, 27534",,1,2026-09-30,,Limited Liability Company,NO,https://motus.dot.gov/api/carriers/5364172
5159205,7wave expedite INC,7wave expedite INC,MC81150255,Active,Pending,Active,Motor Carrier of Property (Except Household Goods),Regulated Entity,+1 (317) 370-0720,7wavexpediteinc@gmail.com,Ravinder Kaur,President,+1 (317) 370-0720,7wavexpediteinc@gmail.com,6016 South Belmont ave,Indianapolis,IN,46217,"6016 South Belmont ave, Indianapolis, IN, 46217",,1,,,Corporation (State of Incorporation),NO,https://motus.dot.gov/api/carriers/5159205
5586613,GSG MOTOR LINES LLC,GSG MOTOR LINES LLC,MC69413890,Active,Pending,Active,Motor Carrier of Property (Except Household Goods),Regulated Entity,+1 (645) 252-7007,gsgmotorlines@gmail.com,Oleksandr Vyshnevskyi,Owner,+1 (645) 252-7007,gsgmotorlines@gmail.com,16900 N BAY RD UNIT 1010,SUNNY ISLES BEACH,FL,33160,"16900 N BAY RD UNIT 1010, SUNNY ISLES BEACH, FL, 33160",,0,,,Limited Liability Company,NO,https://motus.dot.gov/api/carriers/5586613
5272945,HK Freight & Logistics LLC,HK Freight & Logistics LLC,MC67185346,Active,Pending,Active,Motor Carrier of Property (Except Household Goods),Motor Carrier (US/Canada),+1 (714) 707-7726,hamzakhouy255@gmail.com,Hamza Khouy,Owner,+1 (714) 707-7726,hamzakhouy255@gmail.com,3 Calais,Irvine,CA,92602,"3 Calais, Irvine, CA, 92602",,0,,,Limited Liability Company,NO,https://motus.dot.gov/api/carriers/5272945
4150118,WMI DELIVERY LLC,WMI DELIVERY LLC,MC88714039,Active,Pending,Active,Motor Carrier of Property (Except Household Goods),Motor Carrier (US/Canada),3464329041,wbonzon85@gmail.com,WILLIAM BONZON GARCIA,OWNER,3464329041,wbonzon85@gmail.com,1730 WESTERLY DRIVE,BRANDON,FL,33511,"1730 WESTERLY DRIVE, BRANDON, FL, 33511",0,1,2026-09-30,1,Other,NO,https://motus.dot.gov/api/carriers/4150118
6863781,JMV LOGISTIC LLC,JMV LOGISTIC LLC,MC65611190,Active,Pending,Active,Motor Carrier of Property (Except Household Goods),Motor Carrier (US/Canada),+1 (201) 467-9528,jeffreyestilo12@gmail.com,JEFFREY CASTILLO,Owner,+1 (201) 467-9528,jeffreyestilo12@gmail.com,830 FLORAL AVE,ELIZABETH,NJ,07208,"830 FLORAL AVE, ELIZABETH, NJ, 07208",,1,,,Limited Liability Company,NO,https://motus.dot.gov/api/carriers/6863781
7450275,"DM Premier Express, LLC","DM Premier Express, LLC",MC92252260,Active,Pending,Active,Motor Carrier of Property (Except Household Goods),Regulated Entity,+1 (601) 436-2027,dmpexpress1@gmail.com,Chan Moore,member,+1 (601) 436-2027,dmpexpress1@gmail.com,51 Wind Ridge Lane,Purvis,MS,39475,"51 Wind Ridge Lane, Purvis, MS, 39475",,1,2026-09-30,5000,Limited Liability Company,NO,https://motus.dot.gov/api/carriers/7450275
6721966,Courageous Trust,DNA Logistics and Transport,MC45757955,Active,Pending,Active,Motor Carrier of Property (Except Household Goods),Regulated Entity,+1 (816) 878-1167,dnalogisticsandtransport@gmail.com,Aziza Harrell,Owner,+1 (816) 878-1167,azizaharrellemp@gmail.com,1210 Sydney Ln,Seagoville,TX,75159,"1210 Sydney Ln, Seagoville, TX, 75159",,2,,,Other,NO,https://motus.dot.gov/api/carriers/6721966
8913930,MOTIVE TRANSPORT LLC,MOTIVE TRANSPORT LLC,MC93489074,Active,Pending,Active,Motor Carrier of Property (Except Household Goods),Motor Carrier (US/Canada),+1 (818) 926-1616,azatyanogan@yahoo.com,oganes azatyan,Owner,+1 (818) 926-1616,oganazatyan@yahoo.com,40335 nido ct,Palmdale,CA,93551,"40335 nido ct, Palmdale, CA, 93551",,0,,,Limited Liability Company,NO,https://motus.dot.gov/api/carriers/8913930
7941709,Moonlight Express LLC,Moonlight Express LLC,MC82765224,Active,Pending,Active,Motor Carrier of Property (Except Household Goods),Regulated Entity,+1 (386) 405-4344,moonlighttransport2813@gmail.com,James Grant,Owner,+1 (386) 405-4344,moonlighttransport2813@gmail.com,800 Black Duck Dr,Port Orange,FL,32127-4727,"800 Black Duck Dr, Port Orange, FL, 32127-4727",,1,2026-09-30,1,Limited Liability Company,NO,https://motus.dot.gov/api/carriers/7941709
8105702,CUYAHOGA EXPRESS LLC,CUYAHOGA EXPRESS LLC,MC68279775,Active,Pending,Active,Motor Carrier of Property (Except Household Goods),Regulated Entity,+1 (469) 248-6602,cuyahogaexpressllc@gmail.com,ASRORJON KORABOEV,Owner,+1 (469) 248-6602,cuyahogaexpressllc@gmail.com,739 FALLS AVE,CUYAHOGA FALLS,OH,44221,"739 FALLS AVE, CUYAHOGA FALLS, OH, 44221",,1,,,Limited Liability Company,NO,https://motus.dot.gov/api/carriers/8105702
4299584,LHINUS LLC,LHINUS LLC,MC71354304,Active,Pending,Active,Motor Carrier of Property (Except Household Goods),Motor Carrier (US/Canada),6626454350,wrhinus@gmail.com,RHINUS WOLMARANS,OWNER,6626454350,wrhinus@gmail.com,109 N VICTORIA AVE,CLEVELAND,MS,38732-2617,"109 N VICTORIA AVE, CLEVELAND, MS, 38732",0,1,2026-09-30,45000,Limited Liability Company,NO,https://motus.dot.gov/api/carriers/4299584
4816467,Black Pepco LLC,Black Pepco LLC,MC54235379,Active,Pending,Active,Motor Carrier of Property (Except Household Goods),Motor Carrier (US/Canada),+1 (724) 787-1673,blackpepco@yahoo.com,Amanda Blackburn,Owner,+1 (724) 787-1673,blackpepco@yahoo.com,1405 INDUSTRY RD,ATWATER,OH,44201,"1405 INDUSTRY RD, ATWATER, OH, 44201",,1,,,Limited Liability Company,NO,https://motus.dot.gov/api/carriers/4816467
4962955,CRUZ NUNEZ TRUCKING LLC,CRUZ NUNEZ TRUCKING LLC,MC70909815,Active,Pending,Active,Motor Carrier of Property (Except Household Goods),Regulated Entity,+1 (908) 227-0706,josecruez03@icloud.com,JOSE CRUZ NUNEZ,Owner,+1 (908) 227-0706,josecruez03@icloud.com,2409 KLEM AVE,LINDEN,NJ,07036-1341,"2409 KLEM AVE, LINDEN, NJ, 07036-1341",,1,,,Limited Liability Company,NO,https://motus.dot.gov/api/carriers/4962955
4581356,PKAP TRANSPORTATION LLC,PKAP TRANSPORTATION LLC,MC53503412,Active,Inactive,Active,Motor Carrier of Household Goods,Motor Carrier (US/Canada),+1 (201) 423-3855,dispatch@pkaplogistics.com,AHMET UZ,OWNER,+1 (201) 423-3855,pkaplogistics@gmail.com,13301 ESPERANZA,IRVINE,CA,92618-1760,"13301 ESPERANZA, IRVINE, CA, 92618-1760",0,1,2026-09-30,0,Limited Liability Company,NO,https://motus.dot.gov/api/carriers/4581356
3611254,BONITA AG AZ LLC,BONITA AG,MC63792146,Active,Pending,Active,Motor Carrier of Property (Except Household Goods),Motor Carrier (US/Canada),5207667000,info@bonitaag.com,WESTEN HAAS,MANAGER,5207667000,info@bonitaag.com,16316 W ASH CREEK RD,WILLCOX,AZ,85643,"16316 W ASH CREEK RD, WILLCOX, AZ, 85643",0,4,2026-09-30,250000,Other,NO,https://motus.dot.gov/api/carriers/3611254
6757031,Mazro Xpress LLC,Mazro Xpress LLC,MC54189045,Active,Pending,Active,Motor Carrier of Property (Except Household Goods),Motor Carrier (US/Canada),+1 (317) 937-0495,mazro.xpress@gmail.com,Ismael Mazaza,Owner,+1 (317) 937-0495,mazro.xpress@gmail.com,15829 Black Willow Lane 15829 Black Willow Lane,Fishers,IN,46040,"8731 Ogden Dunes Drive, Camby, IN, 46113",,0,,,Limited Liability Company,NO,https://motus.dot.gov/api/carriers/6757031
9801295,Vouchedly LLC,Vouchedly LLC,MC46836389,Active,Pending,Active,Motor Carrier of Property (Except Household Goods),Regulated Entity,+1 (218) 940-2301,vouchedlytrucking@gmail.com,Moses Mwangi,Owner,+1 (218) 940-2301,vouchedlytrucking@gmail.com,4770 Luxe Lane Apt 308A,Denton,TX,76207,"4770 Luxe Lane Apt 308A, Denton, TX, 76207",,1,2026-10-06,50000,Limited Liability Company,NO,https://motus.dot.gov/api/carriers/9801295
9973580,Sameday Dispatching LLC,Sameday Trucking & Freight,MC74276435,Inactive,Pending,Inactive,Motor Carrier of Property (Except Household Goods),Regulated Entity,+1 (726) 888-2968,samedaydispatchingllc@gmail.com,Safir Mohammad Khan Majid,Owner,+1 (726) 888-2968,samedaydispatchingllc@gmail.com,10411 AVALON VW,SAN ANTONIO,TX,78240-3644,"10411 AVALON VW, SAN ANTONIO, TX, 78240-3644",,1,2026-09-30,,Limited Liability Company,NO,https://motus.dot.gov/api/carriers/9973580
6824046,C P JENKINS PROPERTIES CORP,C P JENKINS PROPERTIES CORP,MC99028786,Active,Pending,Active,Motor Carrier of Property (Except Household Goods),Motor Carrier (US/Canada),+1 (973) 699-2647,jenkcoshafeeq@icloud.com,Brian jenkins,Owner,+1 (973) 699-2647,jenkcoshafeeq@icloud.com,57 Oakland St,Irvington,NJ,07111,"57 Oakland St, Irvington, NJ, 07111",,1,,,Corporation (State of Incorporation),NO,https://motus.dot.gov/api/carriers/6824046
6910041,HKH FREIGHT INC,HKH FREIGHT INC,MC71764065,Active,Pending,Active,Motor Carrier of Property (Except Household Goods),Motor Carrier (US/Canada),+1 (224) 578-8370,pkhalsa999@gmail.com,PARMENDAR SINGH,President,+1 (224) 578-8370,hkhfr@tscgroupinc.net,421 E AMHERST ST,PALATINE,IL,60074,"421 E AMHERST ST, PALATINE, IL, 60074",,0,,,Corporation (State of Incorporation),NO,https://motus.dot.gov/api/carriers/6910041
6430974,Eagle Eye Translink LTD.,Eagle Eye Translink LTD.,MC74191026,Active,Pending,Active,Motor Carrier of Property (Except Household Goods),Motor Carrier (US/Canada),+1 (647) 871-5512,eagleeyetranslink@gmail.com,INDER RAVI,Owner,+1 (647) 871-5512,eagleeyetranslink@gmail.com,29 GLADSMORE CRES,ETOBICOKE,ON,M9W 3Y8,"29 GLADSMORE CRES, ETOBICOKE, ON, M9W 3Y8",,1,,,Corporation (State of Incorporation),NO,https://motus.dot.gov/api/carriers/6430974
6068492,"H3 Specialties, Inc.","H3 Specialties, Inc.",MC95903865,Active,Pending,Active,Motor Carrier of Property (Except Household Goods),Motor Carrier (US/Canada),+1 (912) 674-0375,melissa@h3specialties.com,Melissa Holland,CEO,+1 (912) 674-0375,melissa@h3specialties.com,37421 Ingham Rd,Hilliard,FL,32046,"37421 Ingham Rd, Hilliard, FL, 32046",,0,,,Corporation (State of Incorporation),NO,https://motus.dot.gov/api/carriers/6068492
7084362,HIDDEN VALLEY TRANSPORT LLC,HIDDEN VALLEY TRANSPORT LLC,MC94782678,Active,Pending,Active,Motor Carrier of Property (Except Household Goods),Regulated Entity,+1 (480) 652-2732,hiddenvalley210@gmail.com,Carlos Barraza,Owner,+1 (480) 658-6189,hiddenvalleytransport210@gmail.com,50113 w mockingbird ln,maricopa,AZ,85139,"50113 w mockingbird ln, maricopa, AZ, 85139",,1,2026-09-30,,Limited Liability Company,NO,https://motus.dot.gov/api/carriers/7084362
5292040,POLO EXPRESS LLC,POLO EXPRESS LLC,MC52212394,Active,Pending,Active,Motor Carrier of Property (Except Household Goods),Regulated Entity,+1 (203) 802-7457,poloexpressllc@gmail.com,Burak Kaya,Owner,+1 (203) 802-7457,poloexpressllc@gmail.com,206 PLYMOUTH COLONY,BRANFORD,CT,06405-4753,"206 PLYMOUTH COLONY, BRANFORD, CT, 06405-4753",,1,,,Limited Liability Company,NO,https://motus.dot.gov/api/carriers/5292040
8464777,"LeaseXpress, LLC","LeaseXpress, LLC",MC96300994,Active,Pending,Active,Motor Carrier of Property (Except Household Goods),Motor Carrier (US/Canada),+1 (503) 477-4609,leaseexpressllc@gmail.com,Jeff Ricks,President,+1 (360) 607-5740,jeff@greenenvylandscaping.com,12055 NE Glenn Widing Dr. Suite 201,Portland,OR,97220,"12055 NE Glenn Widing Dr. Suite 201, Portland, OR, 97220",,0,,,Limited Liability Company,NO,https://motus.dot.gov/api/carriers/8464777
6983810,Sonny's Towing & Recovery,Sonny's Towing & Recovery,MC60353215,Inactive,Withdrawn,Inactive,Motor Carrier of Property (Except Household Goods),Regulated Entity,+1 (802) 353-4999,sonnystowingandrecoveryllc@gmail.com,Andrew Blanchard,Owner,+1 (802) 353-4999,sonnystowingandrecoveryllc@gmail.com,32 Lower Birch Circle,Windham,VT,05359,"32 Lower Birch Circle, Windham, VT, 05359",,0,,,Limited Liability Company,NO,https://motus.dot.gov/api/carriers/6983810
8399975,Sashwot 2 LLC,Alphazone Logistics,MC77072238,Active,Pending,Active,Motor Carrier of Property (Except Household Goods),Motor Carrier (US/Canada),+1 (205) 643-0266,taranikoirala@gmail.com,Tarani Koirala,Owner,+1 (205) 643-0266,taranikoirala@gmail.com,1260 9th Ave,Calera,AL,35040,"1260 9th Ave, Calera, AL, 35040",,0,2026-09-30,1,Limited Liability Company,NO,https://motus.dot.gov/api/carriers/8399975
9045245,ALIEM TRANSPORT INC,ALIEM TRANSPORT INC,MC45577213,Active,Pending,Active,Motor Carrier of Property (Except Household Goods),Regulated Entity,+1 (813) 585-7535,aliemtransport@yahoo.com,aliem reyes,Owner,+1 (813) 585-7535,aliemtransport@yahoo.com,2708 WEST CRENSHAW ST,TAMPA,FL,33614,"2708 WEST CRENSHAW ST, TAMPA, FL, 33614",,1,2026-09-30,,Corporation (State of Incorporation),NO,https://motus.dot.gov/api/carriers/9045245
6833389,4BROTHERS LOGISTICS LLC,4BROTHERS LOGISTICS LLC,MC98687285,Active,Pending,Active,Motor Carrier of Property (Except Household Goods),Regulated Entity,+1 (602) 881-3077,fourbrothersllc2026@gmail.com,Mikel goss,Owner,+1 (602) 881-3077,fourbrothersllc2026@gmail.com,5274 N 42ND DR,PHOENIX,AZ,85019,"5274 N 42 Dr, Phoenix, AZ, 85019",,0,,,Limited Liability Company,NO,https://motus.dot.gov/api/carriers/6833389
9924354,"CHASE MITCHELL TRUCKING, LLC",,MC90182830,Active,Pending,Active,Motor Carrier of Property (Except Household Goods),Regulated Entity,+1 (903) 263-1188,theboybc72@gmail.com,Chase Courtney,CEO,+1 (903) 263-1188,theboybc72@gmail.com,2096 COUNTY ROAD 108,CARTHAGE,TX,75633-5237,"2096 COUNTY ROAD 108, CARTHAGE, TX, 75633-5237",,2,2026-09-30,1,Limited Liability Company,NO,https://motus.dot.gov/api/carriers/9924354
8307620,J&D EXPRESS LLC,J&D EXPRESS LLC,MC47793039,Active,Pending,Active,Motor Carrier of Property (Except Household Goods),Motor Carrier (US/Canada),+1 (646) 372-8068,johnathan.pereyra@gmail.com,JOHNATHAN PEREYRA,Owner,+1 (646) 372-8068,johnathan.pereyra@gmail.com,3726 54TH ST,WOODSIDE,NY,11377,"1001 S MAIN STREET STE 49, KALISPELL, MT, 59901",,1,2026-09-30,,Limited Liability Company,NO,https://motus.dot.gov/api/carriers/8307620
4495176,UNITED TRANSPORTATION CA LLC,UNITED TRANSPORTATION CA LLC,MC54665883,Active,Pending,Active,Motor Carrier of Property (Except Household Goods),Motor Carrier (US/Canada),5594640641,email@unitedtransportationca.com,ADRIAN NAVARRO,PRESIDENT,5594640641,email@unitedtransportationca.com,1412 17TH ST # 418,BAKERSFIELD,CA,93301,"1412 17TH ST # 418, BAKERSFIELD, CA, 93301",0,1,2026-09-30,1,Other,NO,https://motus.dot.gov/api/carriers/4495176
6169530,zip line freight specialists llc,zip line freight specialists llc,MC97352768,Active,Withdrawn,Active,Motor Carrier of Household Goods,Motor Carrier (US/Canada),+1 (310) 901-7988,ruben@alessospartyrentals.com,Ruben Cedillo,manager,+1 (310) 901-7988,ruben@alessospartyrentals.com,12946 HILL CT,VICTORVILLE,CA,92392-0563,"12946 HILL CT, VICTORVILLE, CA, 92392-0563",,0,2026-09-30,2200,Limited Liability Company,NO,https://motus.dot.gov/api/carriers/6169530
9583817,RT Express LLC,RT Express LLC,MC62816575,Active,Pending,Active,Motor Carrier of Property (Except Household Goods),Motor Carrier (US/Canada),+1 (316) 771-0501,rtexpressllc85@gmail.com,AURORA DAVILA REYES,Owner,+1 (316) 771-0501,rtexpressllc85@gmail.com,7001 Abram Blvd,Mission,TX,78574,"7001 Abram Blvd, Mission, TX, 78574",,1,,,Limited Liability Company,NO,https://motus.dot.gov/api/carriers/9583817
2590249,CARGO SHUFFLE INC,CARGO SHUFFLE INC,MC71709895,Active,Pending,Active,Motor Carrier of Property (Except Household Goods),Broker,+1 (905) 412-3636,dispatch@cargoshuffle.com,JASKARAN SINGH DEOL,PRESIDENT,6473087976,dispatch@cargoshuffle.com,7111 SYNTEX DR Unit 342,MISSISSAUGA,ON,L5N 8C3,"7111 SYNTEX DR Unit 342, MISSISSAUGA, ON, L5N 8C3",0,1,2025-12-31,1,Corporation (State of Incorporation),NO,https://motus.dot.gov/api/carriers/2590249
6388508,Muhs Auto Transport LLC,Muhs Auto Transport LLC,MC90772088,Active,Pending,Active,Motor Carrier of Property (Except Household Goods),Regulated Entity,+1 (833) 959-5531,muhsfelipe@outlook.com,Felipe Sampaio,Owner,+1 (954) 825-9488,muhsfelipe@outlook.com,131 samoset street apt 1061,PLYMOUTH,MA,02360,"131 samoset street apt 1061, PLYMOUTH, MA, 02360",,1,,,Limited Liability Company,NO,https://motus.dot.gov/api/carriers/6388508
7477049,JH&DC LLC,JH&DC LLC,MC87402741,Active,Pending,Active,Motor Carrier of Property (Except Household Goods),Regulated Entity,+1 (347) 520-5440,jefferyhamilton19722611@gmail.com,Dwight Camphell,Owner,+1 (480) 453-9812,dwie2629@yahoo.com,367 BUTTONWOOD DR,KISSIMMEE,FL,34743,"367 BUTTONWOOD DR, KISSIMMEE, FL, 34743",,0,,,Limited Liability Company,NO,https://motus.dot.gov/api/carriers/7477049
8001814,BLUE OCEAN TRANS INC,BLUE OCEAN TRANS INC,MC89596331,Active,Pending,Active,Motor Carrier of Property (Except Household Goods),Regulated Entity,+1 (661) 606-4320,blueoceantransinc@gmail.com,AMANDEEP SINGH,President,+1 (661) 606-4320,blueoceantransinc@gmail.com,6805 WINDCHIME CT,BAKERSFIELD,CA,93313,"6805 WINDCHIME CT, BAKERSFIELD, CA, 93313",,1,,,Corporation (State of Incorporation),NO,https://motus.dot.gov/api/carriers/8001814
5896404,LION LOGISTICS LLC,LION LOGISTICS LLC,MC55696392,Active,Pending,Active,Motor Carrier of Property (Except Household Goods),Regulated Entity,+1 (507) 351-6161,lionlogisticsllc6161@gmail.com,OMAR MOHAMED,Owner,+1 (507) 351-6161,lionlogisticsllc6161@gmail.com,613 TANAGER PATH,MANKATO,MN,56001,"613 TANAGER PATH, MANKATO, MN, 56001",,1,,,Limited Liability Company,NO,https://motus.dot.gov/api/carriers/5896404
7010748,Trueline Towing & Recovery Inc.,Trueline Towing & Recovery Inc.,MC94551497,Active,Pending,Active,Motor Carrier of Property (Except Household Goods),Motor Carrier (US/Canada),+1 (800) 781-4734,truelinetowingandrecovery@gmail.com,Sarah Fakhouri,CEO,+1 (800) 781-4734,truelinetowingandrecovery@gmail.com,1055 Sonoma Blvd Unit C,Vallejo,CA,94590,"1055 Sonoma Blvd Unit C, Vallejo, CA, 94590",,1,2026-09-30,0,Corporation (State of Incorporation),NO,https://motus.dot.gov/api/carriers/7010748
1938549,WRICO CORPORATION,WRICO CORPORATION,MC59592104,Active,Pending,Active,Motor Carrier of Property (Except Household Goods),Shipper,2105904400,bobby@wrico.net,Christopher Gile,PRESIDENT,+1 (214) 707-9075,chas@wrico.net,9783  LOOP 106,SAN ANTONIO,TX,78263,"9783 TX LOOP 106, SAN ANTONIO, TX, 78263",0,14,2026-09-30,450000,Corporation (State of Incorporation),NO,https://motus.dot.gov/api/carriers/1938549
7973804,BROTHERHOOD TRANSLINE INC,BROTHERHOOD TRANSLINE INC,MC52045967,Active,Pending,Active,Motor Carrier of Property (Except Household Goods),Regulated Entity,+1 (707) 486-7011,brotherhoodtrans005@gmail.com,NO NAME GIVEN PARVEEN KUMAR,President,+1 (707) 486-7011,brotherhoodtrans005@gmail.com,3655 W SANJOSE AVE APT 154,FRESNO,CA,93711,"3655 W SANJOSE AVE APT 154, FRESNO, CA, 93711",,1,,,Corporation (State of Incorporation),NO,https://motus.dot.gov/api/carriers/7973804
4505523,COASTLINE LOGISTICS LLC,COASTLINE LOGISTICS LLC,MC86491042,Active,Pending,Active,Motor Carrier of Property (Except Household Goods),Motor Carrier (US/Canada),4054828181,coastlinelogisticsllc228@gmail.com,PHONG NGUYEN,OWNER,4054828181,coastlinelogisticsllc228@gmail.com,PO BOX 720655,OKLAHOMA CITY,OK,73172,"15015 OLD DIXIE RD, SAUCIER, MS, 39574",0,1,2026-09-30,1897,Limited Liability Company,NO,https://motus.dot.gov/api/carriers/4505523
5580994,"Covenant Logistics, LLC","Covenant Logistics, LLC",MC89792148,Active,Pending,Active,Motor Carrier of Property (Except Household Goods),Motor Carrier (US/Canada),+1 (765) 413-3576,covenantlogistics765@gmail.com,Joy Woodard,Owner,+1 (765) 413-3576,covenantlogistics765@gmail.com,5795 N 225 W,West Lafayette,IN,47906,"5795 N 225 W, West Lafayette, IN, 47906",,0,,,Limited Liability Company,NO,https://motus.dot.gov/api/carriers/5580994
4987835,ROADKING TRANSPORTATION LLC,ROADKING TRANSPORTATION LLC,MC88277240,Active,Pending,Active,Motor Carrier of Property (Except Household Goods),Regulated Entity,+1 (267) 357-7447,kostaa26@gmail.com,Konstantine Zardiashvili,Owner,+1 (267) 357-7447,kostaa26@gmail.com,69 Creek Rd,Chalfont,PA,18914,"69 Creek Rd, Chalfont, PA, 18914",,0,,,Limited Liability Company,NO,https://motus.dot.gov/api/carriers/4987835
9594476,CESAR Z AVILA,LEGACY TRANSPORTATION,MC66672862,Active,Pending,Active,Motor Carrier of Property (Except Household Goods),Motor Carrier (US/Canada),+1 (312) 339-5623,legacytranschicago@gmail.com,CESAR AVILA,Owner,+1 (312) 339-5623,legacytranschicago@gmail.com,9548 S TRUMBULL AVE,EVERGREEN PARK,IL,60805,"9548 S TRUMBULL AVE, EVERGREEN PARK, IL, 60805",,0,,,Sole Proprietor,NO,https://motus.dot.gov/api/carriers/9594476
9107060,ROOT LOGISTICS LLC,ROOT LOGISTICS LLC,MC80306505,Active,Pending,Active,Motor Carrier of Property (Except Household Goods),Motor Carrier (US/Canada),+1 (332) 241-4014,info@rootlogisticsllc.com,muhammad tariq,MANAGER,+1 (332) 259-9841,muhammadhtariq1@gmail.com,2144 BRONX PARK E 6K,BRONX,NY,10462,"2144 BRONX PARK E 6K, BRONX, NY, 10462",,0,,,Limited Liability Company,NO,https://motus.dot.gov/api/carriers/9107060
8274866,mighty to save enterprise llc,mighty to save enterprise llc,MC98413466,Active,Pending,Active,Motor Carrier of Property (Except Household Goods),Regulated Entity,+1 (617) 797-9661,fmwebaze2016@gmail.com,fred mwebaze,COO,+1 (617) 797-9661,fmwebaze2016@gmail.com,901 pouliot place,wilmington,MA,01887,"901 pouliot place, wilmington, MA, 01887",,1,,,Limited Liability Company,NO,https://motus.dot.gov/api/carriers/8274866
9969670,YTM LINE LLC,YTM LINE LLC,MC61349472,Active,Pending,Active,Motor Carrier of Property (Except Household Goods),Regulated Entity,+1 (832) 371-9883,ytmline@gmail.com,Edric Leon Sigas,Owner,+1 (832) 371-9883,edricleon15@gmail.com,17105 SW 18TH AVENUE RD,OCALA,FL,34473-4463,"17105 SW 18TH AVENUE RD, OCALA, FL, 34473-4463",,1,2026-09-30,,Sole Proprietor,NO,https://motus.dot.gov/api/carriers/9969670
4484043,ITA MOVING INC,ITA MOVING INC,MC72523488,Active,Pending,Active,Motor Carrier of Property (Except Household Goods),Motor Carrier (US/Canada),2153033398,cunhacosta9@gmail.com,VIVIANE A DE ARAUJO CUNHA COSTA,OWNER,2153033398,cunhacosta9@gmail.com,2316 GRIFFITH ST,PHILADELPHIA,PA,19152-3312,"2316 GRIFFITH ST, PHILADELPHIA, PA, 19152-3312",0,1,2026-09-30,6000,Other,NO,https://motus.dot.gov/api/carriers/4484043
4488357,REDBRUSH TRANSPORTATION LLC,REDBRUSH TRANSPORTATION LLC,MC68518268,Active,Pending,Active,Motor Carrier of Property (Except Household Goods),Motor Carrier (US/Canada),5748066929,scottyeric2k@gmail.com,ERICK SCOTT SHORT,COMPANY OFFICIAL,5748066929,scottyeric2k@gmail.com,3143 S ANGELA DR,NORTH JUDSON,IN,46366-9438,"3143 S ANGELA DR, NORTH JUDSON, IN, 46366-9438",0,1,2026-09-30,1,Other,NO,https://motus.dot.gov/api/carriers/4488357
4655304,Easy Road Moving LLC,Easy Road Moving LLC,MC60615602,Active,Pending,Active,Motor Carrier of Household Goods,Regulated Entity,+1 (201) 926-6794,easyroadmovingllc@gmail.com,henry almonte,Owner,+1 (201) 926-6794,easyroadmovingllc@gmail.com,28 RIDGE RD,NORTH ARLINGTON,NJ,07031-6339,"28 RIDGE RD, NORTH ARLINGTON, NJ, 07031-6339",,1,,,Limited Liability Company,NO,https://motus.dot.gov/api/carriers/4655304
4326347,GLAD SELENA CORPORATION,EASY TRUST MOVING AND STORAGE,MC96156036,Active,Pending,Active,Motor Carrier of Household Goods,Motor Carrier (US/Canada),3057979512,easytrustmovingandstorage@gmail.com,IGOR N A IASHCHENKO,PRESIDENT,3057979512,easytrustmovingandstorage@gmail.com,2196 APPLETON CIR S,OAKLAND PARK,FL,33309-1008,"2196 APPLETON CIR S, OAKLAND PARK, FL, 33309-1008",0,0,2024-11-21,0,Other,NO,https://motus.dot.gov/api/carriers/4326347
3242846,VICKS HOME RUN EXPRESS LLC,VICKS HOME RUN EXPRESS LLC,MC53591225,Active,Pending,Active,Motor Carrier of Property (Except Household Goods),Motor Carrier (US/Canada),5627556578,victorramirez6578@gmail.com,VICTOR RAMIREZ,OWNER,5627556578,victorramirez6578@gmail.com,4515 E SAN LUIS ST,COMPTON,CA,90221,"4515 E SAN LUIS ST, COMPTON, CA, 90221",0,0,2026-09-30,40000,Limited Liability Company,NO,https://motus.dot.gov/api/carriers/3242846
4570515,TRIPLE A'S TRUCKING LLC,TRIPLE A'S TRUCKING LLC,MC52084099,Active,Pending,Active,Motor Carrier of Property (Except Household Goods),Broker,+1 (516) 284-9124,abenzadam@gmail.com,ABENZ ALAN ADAM,PRESIDENT,+1 (516) 284-9124,abenzadam@gmail.com,526 STATION ST,CLOVER,SC,29710-4077,"526 STATION ST, CLOVER, SC, 29710-4077",0,0,2026-04-22,0,Limited Liability Company,NO,https://motus.dot.gov/api/carriers/4570515
2935604,CORADOS TRUCKING LLC,CORADOS TRUCKING LLC,MC75360425,Active,Pending,Active,Motor Carrier of Property (Except Household Goods),Motor Carrier (US/Canada),3234700501,franklncorado78@gmail.com,HARLIN F CORADO ALEMAN,MANAGING MEMBER,3234700501,franklncorado78@gmail.com,970 SPERRY DR,COLTON,CA,92324,"970 SPERRY DR, COLTON, CA, 92324",0,1,2026-09-30,25000,Other,NO,https://motus.dot.gov/api/carriers/2935604
5430873,J.R. Brentner Transportation LLC,J.R. Brentner Transportation LLC,MC60853524,Active,Pending,Active,Motor Carrier of Property (Except Household Goods),Regulated Entity,+1 (662) 415-0802,jrbrentnertrans@yahoo.com,James Brentner,Owner,+1 (662) 415-0802,jrbrentnertrans@yahoo.com,1114 county road 600,Corinth,MS,38834,"1114 county road 600, Corinth, MS, 38834",,1,,,Limited Liability Company,NO,https://motus.dot.gov/api/carriers/5430873
7720705,R&M INTERNATIONAL TRUCKING LLC,R&M INTERNATIONAL TRUCKING LLC,MC70582245,Active,Pending,Active,Motor Carrier of Property (Except Household Goods),Motor Carrier (US/Canada),+1 (956) 562-9387,mrm354070@gmail.com,BUZZY MARTINEZ,Owner,+1 (956) 562-9387,mrm354070@gmail.com,5362 COUNTY ROAD 388D,BRAZORIA,TX,77422,"5362 COUNTY ROAD 388D, BRAZORIA, TX, 77422",,1,,,Limited Liability Company,NO,https://motus.dot.gov/api/carriers/7720705
6247279,AHAULINGCOMPANY. LLC,AHAULINGCOMPANY. LLC,MC52015404,Active,Pending,Active,Motor Carrier of Property (Except Household Goods),Regulated Entity,+1 (603) 377-8310,admin@ahaulingcompany.com,piedad michaud,CEO,+1 (603) 320-4703,admin@ahaulingcompany.com,221 Main St Ste R 221,nashua,NH,03060,"221 Main St Ste R 221, nashua, NH, 03060",,1,,,Limited Liability Company,NO,https://motus.dot.gov/api/carriers/6247279
3809968,GTB LOGISTICS LLC,GTB LOGISTICS LLC,MC73537801,Active,Pending,Active,Motor Carrier of Property (Except Household Goods),Motor Carrier (US/Canada),+1 (803) 379-8828,gtblogistics803@gmail.com,COREY LAND,OWNERPRESIDENT,8644921375,gtblogistics803@gmail.com,4 CIRCLE ST 4 Circle Street,GREAT FALLS,SC,29055,"4 CIRCLE ST 4 Circle Street, GREAT FALLS, SC, 29055",0,1,2023-10-16,1,Limited Liability Company,NO,https://motus.dot.gov/api/carriers/3809968
4423393,325 SERVICES LLC,325 SERVICES LLC,MC83929411,Active,Pending,Active,Motor Carrier of Property (Except Household Goods),Motor Carrier (US/Canada),3256278009,info@325services.com,MORGAN FAITH VELASQUEZ,MEMBER,3256278009,info@325services.com,462 ELMDALE RD N,ABILENE,TX,79601-7408,"462 ELMDALE RD N, ABILENE, TX, 79601-7408",0,1,2026-09-30,0,Other,NO,https://motus.dot.gov/api/carriers/4423393
7345473,TT HOPE LOGISTICS LLC,TT HOPE LOGISTICS LLC,MC63172747,Active,Pending,Active,Motor Carrier of Property (Except Household Goods),Regulated Entity,+1 (850) 920-5665,wynnetorresrom@gmail.com,EDGAR TERUEL BATISTA,Owner,+1 (973) 356-6284,wynnetorresrom@gmail.com,1609 LAIA RD,HAINES CITY,FL,33844,"1609 LAIA RD, HAINES CITY, FL, 33844",,1,,,Limited Liability Company,NO,https://motus.dot.gov/api/carriers/7345473
647964,DICE VAN LINES INC,DICE VAN LINES INC,MC306009,Active,Active,Active,Motor Carrier of Household Goods,Motor Carrier (US/Canada),6097015111,richard.ryan@dicevanlines.com,JOHN O'CONNOR,VICE PRESIDENT,6097015111,richard.ryan@dicevanlines.com,163 ROUTE 130 STE 2F,BORDENTOWN,NJ,08505,"163 ROUTE 130 STE 2F, BORDENTOWN, NJ, 08505",0,1,2026-09-30,10000,Corporation (State of Incorporation),NO,https://motus.dot.gov/api/carriers/647964
7910625,BDK Trucking LLC,BDK Trucking LLC,MC52346375,Active,Pending,Active,Motor Carrier of Property (Except Household Goods),Regulated Entity,+1 (916) 465-3198,info@bdktrucking.com,Oleksandr Lashko,Owner,+1 (916) 465-3198,info@bdktrucking.com,2108 N ST #17770,Sacramento,CA,95816,"16601 Gothard Street Suite P, Huntington Beach, CA, 92647",,0,,,Limited Liability Company,NO,https://motus.dot.gov/api/carriers/7910625
8189992,Machinery Hauler Corp,Machinery Hauler Corp,MC55489615,Active,Pending,Active,Motor Carrier of Property (Except Household Goods),Regulated Entity,+1 (445) 220-8616,machineryhauler.enid@gmail.com,Enid Marin,Owner,+1 (445) 220-8616,machineryhauler.enid@gmail.com,53 Midway Ave,Langhorne,PA,19047,"53 Midway Ave, Langhorne, PA, 19047",,1,2026-10-05,1,Corporation (State of Incorporation),NO,https://motus.dot.gov/api/carriers/8189992
4555555,K&S TOWING LLC,K&S TOWING LLC,MC84661358,Active,Pending,Active,Motor Carrier of Property (Except Household Goods),Motor Carrier (US/Canada),2029146447,kstowingllc@yahoo.com,RAYNARD OLIVER,SOLE PROPRIETOR,2029146447,kstowingllc@yahoo.com,1728 C ST NE WASHINGTON DC 20002,WASHINGTON,DC,20002-6661,"1728 C ST NE WASHINGTON DC 20002, WASHINGTON, DC, 20002",0,0,2026-09-30,0,Other,NO,https://motus.dot.gov/api/carriers/4555555
359148,MARTHA T TULLEY-LEONE,LEONE AND SONS TRUCKING,MC92022377,Active,Pending,Active,Motor Carrier of Property (Except Household Goods),Motor Carrier (US/Canada),6032495868,leoneandsonstrucking@gmail.com,MARTHA T TULLEY-LEONE,TREASURER,+1 (603) 554-4114,leoneandsonstrucking@gmail.com,4 PONEMAH HILL RD,AMHERST,NH,03031,"4 PONEMAH HILL RD, AMHERST, NH, 03031",0,1,2026-09-30,36708,Sole Proprietor,NO,https://motus.dot.gov/api/carriers/359148
5944319,SKD LOGISTICS INC.,SKD LOGISTICS INC.,MC51421800,Active,Pending,Active,Motor Carrier of Property (Except Household Goods),Regulated Entity,+1 (647) 706-8313,skdlogistics7@gmail.com,KHUSHDEEP SINGH,President,+1 (647) 706-8313,skdlogistics7@gmail.com,25 LENNON TRAIL,BRAMPTON,ON,L6Y 5P9,"25 LENNON TRAIL, BRAMPTON, ON, L6Y 5P9",,1,,,Corporation (State of Incorporation),NO,https://motus.dot.gov/api/carriers/5944319
7285722,Hasa Express llc,Hasa Express llc,MC47527499,Active,Pending,Active,Motor Carrier of Property (Except Household Goods),Regulated Entity,+1 (781) 692-0043,ronaldohasa11@gmail.com,Ronaldo Hasa,Owner,+1 (781) 692-0043,ronaldohasa11@gmail.com,94 Albano street,Boston,MA,02131,"94 Albano street, Boston, MA, 02131",,0,,,Limited Liability Partnership,NO,https://motus.dot.gov/api/carriers/7285722
9921314,Good to Geaux Logistics LLC,Good to Geaux Logistics LLC,MC54303999,Inactive,Inactive,Inactive,Motor Carrier of Property (Except Household Goods),Regulated Entity,+1 (509) 770-3942,jennika1233@me.com,Jennika Hill,Owner,+1 (509) 770-3942,jennika1233@me.com,1788 COUNTY ROAD 138,CAMERON,TX,76520-3619,"1788 COUNTY ROAD 138, CAMERON, TX, 76520-3619",,0,,,Limited Liability Company,NO,https://motus.dot.gov/api/carriers/9921314
1110206,BASALITE BUILDING PRODUCTS LLC,BASALITE CONCRETE PRODUCTS CLASSIC STONE INTERSTATE BRICK GLADDING MCBEAN,MC51332209,Active,Pending,Active,Motor Carrier of Property (Except Household Goods),Shipper,9165294157,salt.team@paccoast.com,Juan Aldrete,CHIEF FINANCIAL OFFICER,+1 (916) 529-4157,salt.team@paccoast.com,P O BOX 419074,RANCHO CORDOVA,CA,95741,"2150 DOUGLAS BLVD STE 260, ROSEVILLE, CA, 95661",0,61,2026-09-30,219000,Other,NO,https://motus.dot.gov/api/carriers/1110206
9455207,CW HAULER LLC,CW HAULER LLC,MC80180475,Active,Active,Active,Motor Carrier of Property (Except Household Goods),Motor Carrier (US/Canada),+1 (804) 709-2295,cwhauler@gmail.com,CORWIN WOODSON,Owner,+1 (804) 709-2295,cwhauler@gmail.com,700 STOCKTON ST APT 425,RICHMOND,VA,23224,"700 STOCKTON ST APT 425, RICHMOND, VA, 23224",,1,2026-09-30,,Limited Liability Company,NO,https://motus.dot.gov/api/carriers/9455207
6440357,DiPath LLC,DiPath LLC,MC55861893,Inactive,Inactive,Inactive,Motor Carrier of Property (Except Household Goods),Regulated Entity,+1 (515) 363-2223,dipathllc@gmail.com,Pablo Lugo,Owner,+1 (717) 869-1206,dipathllc@gmail.com,5355 Northeast 5th Street,DES MOINES,IA,50313,"5355 Northeast 5th Street, DES MOINES, IA, 50313",,0,,,Limited Liability Company,NO,https://motus.dot.gov/api/carriers/6440357
5650679,Trucks N Roses INC,Trucks N Roses INC,MC51229747,Active,Pending,Active,Motor Carrier of Property (Except Household Goods),Regulated Entity,+1 (224) 680-8036,trucksandrosesinc@gmail.com,Yulia Kandybka,Owner,+1 (224) 680-8036,trucksandrosesinc@gmail.com,1835 McKool Ave,Streamwood,IL,60107,"1835 McKool Ave, Streamwood, IL, 60107",,1,,,Corporation (State of Incorporation),NO,https://motus.dot.gov/api/carriers/5650679
4348273,CLR TRANSPORT LLC,CLR TRANSPORT LLC,MC51678586,Active,Pending,Active,Motor Carrier of Property (Except Household Goods),Motor Carrier (US/Canada),9167572763,carloslomeli88@icloud.com,CARLOS IGNACIO LOMELÍ SR.,OWNER,9167572763,carloslomeli88@icloud.com,5800 AUBURN BLVD SUITE 15,SACRAMENTO,CA,95841-2314,"5800 AUBURN BLVD SUITE 15, SACRAMENTO, CA, 95841",0,1,2026-09-30,0,Other,NO,https://motus.dot.gov/api/carriers/4348273
6858136,Tyre Specialty Services LLC,Tyre Specialty Services LLC,MC76030195,Active,Pending,Active,Motor Carrier of Property (Except Household Goods),Regulated Entity,+1 (904) 796-0111,tyretristen@gmail.com,TRISTEN TYRE,Owner,+1 (904) 796-0111,tyretristen@gmail.com,25242 NE 137th Trail,Raiford,FL,32083,"25242 NE 137th Trail, Raiford, FL, 32083",,0,,,Limited Liability Company,NO,https://motus.dot.gov/api/carriers/6858136
5163612,CLEMAN TRUCKING LLC,CLEMAN TRUCKING LLC,MC86831327,Active,Pending,Active,Motor Carrier of Property (Except Household Goods),Motor Carrier (US/Canada),+1 (772) 766-9357,clemanp@hotmail.com,CLEMAN PEREIRA,Owner,+1 (772) 766-9357,clemanp@hotmail.com,124 21 ST SW,VERO BEACH,FL,32962,"124 21 ST SW, VERO BEACH, FL, 32962",,1,,,Limited Liability Company,NO,https://motus.dot.gov/api/carriers/5163612
6240673,RR ROAD INC,RR ROAD INC,MC95736131,Active,Pending,Active,Motor Carrier of Property (Except Household Goods),Motor Carrier (US/Canada),+1 (559) 999-4191,info@rrroadinc.com,SAHIL SAHIL,President,+1 (559) 999-4191,info@rrroadinc.com,4430 W LANGDEN DR,FRESNO,CA,93722,"4430 W LANGDEN DR, FRESNO, CA, 93722",,1,2026-09-30,1,Corporation (State of Incorporation),NO,https://motus.dot.gov/api/carriers/6240673
9592313,Iron Bear Trucking Inc,Iron Bear Trucking Inc,MC73070459,Active,Pending,Active,Motor Carrier of Property (Except Household Goods),Regulated Entity,+1 (931) 982-3098,bigbearreinhardt@gmail.com,Patrick Mertes,Owner,+1 (931) 982-3098,bigbearreinhardt@gmail.com,2520 New Port Royal Rd Apt 4108,Thompsons Station,TN,37179,"2520 New Port Royal Rd Apt 4108, Thompsons Station, TN, 37179",,0,,,Corporation (State of Incorporation),NO,https://motus.dot.gov/api/carriers/9592313
7696199,L 4 Contracting LLP,L 4 Contracting LLP,MC86691918,Active,Pending,Active,Motor Carrier of Property (Except Household Goods),Motor Carrier (US/Canada),+1 (817) 736-6312,l4contractingllp@gmail.com,LUCY GRANO,Owner,+1 (817) 736-6312,l4contractingllp@gmail.com,1012 NW 20TH ST,FORT WORTH,TX,76164,"2901 SETTING SUN TRL, GRANBURY, TX, 76048",,1,,,Limited Liability Partnership,NO,https://motus.dot.gov/api/carriers/7696199
1461038,BIO-MASS INC,BIO-MASS INC,MC55874996,Active,Pending,Active,Motor Carrier of Property (Except Household Goods),Motor Carrier (US/Canada),2075328236,biomass-inc@hotmail.com,DESIREE AV. RAND,ADMINISTRATIVE ASSISTANT,2075328236,biomass-inc@hotmail.com,22 JOES RD,LUDLOW,ME,04730,"22 JOES RD, LUDLOW, ME, 04730",0,1,2026-09-30,81650,Other,NO,https://motus.dot.gov/api/carriers/1461038
4614411,ARBAUGH LOGISTICS LLC,ARBAUGH LOGISTICS LLC,MC63238935,Active,Pending,Active,Motor Carrier of Property (Except Household Goods),Regulated Entity,+1 (540) 471-6891,arbaughlogistics@gmail.com,Skyler Arbaugh,Owner,+1 (540) 471-6891,arbaughlogistics@gmail.com,97 BERRY PATCH LANE,STUARTS DRAFT,VA,24477,"97 BERRY PATCH LANE, STUARTS DRAFT, VA, 24477",,0,2026-09-30,1,Limited Liability Company,NO,https://motus.dot.gov/api/carriers/4614411
8105842,LGND LOGISTICS LLC,LGND LOGISTICS LLC,MC85085711,Active,Pending,Active,Motor Carrier of Property (Except Household Goods),Motor Carrier (US/Canada),+1 (323) 559-4252,ngarcia0140@gmail.com,NOEL GARCIA,President,+1 (323) 559-4252,ngarcia0140@gmail.com,15944 MALAHAT RD,APPLE VALLEY,CA,92307,"15944 MALAHAT RD, APPLE VALLEY, CA, 92307",,1,,,Limited Liability Company,NO,https://motus.dot.gov/api/carriers/8105842
7272822,BY Express Inc,BY Express Inc,MC78541242,Active,Pending,Active,Motor Carrier of Property (Except Household Goods),Regulated Entity,+1 (551) 666-2434,byexpressinc2026@gmail.com,Bin Gao,President,+1 (551) 666-2434,byexpressinc2026@gmail.com,16 Applegate Dr,Robbinsville,NJ,08691,"16 Applegate Dr, Robbinsville, NJ, 08691",,1,,,Corporation (State of Incorporation),NO,https://motus.dot.gov/api/carriers/7272822
5696142,AH Logistics LLC,AH Logistics LLC,MC80145383,Active,Pending,Active,Motor Carrier of Property (Except Household Goods),Regulated Entity,+1 (628) 468-7591,wasihabibi12@yahoo.com,Abdul Wasi Habibi,Owner,+1 (628) 468-7591,wasihabibi12@yahoo.com,1183 Saranap Ave APT 3,Walnut Creek,CA,94595,"1183 Saranap Ave APT 3, Walnut Creek, CA, 94595",,1,2026-09-30,,Limited Liability Company,NO,https://motus.dot.gov/api/carriers/5696142
5231618,TRUSTED LANE LOGISTICS LLC,TRUSTED LANE LOGISTICS LLC,MC73354298,Active,Pending,Active,Motor Carrier of Property (Except Household Goods),Regulated Entity,+1 (408) 859-8600,trustedlanelogistics2026@gmail.com,JORGE PADILLA PENALOZA,MANAGING MEMBER,+1 (408) 859-8600,trustedlanelogistics2026@gmail.com,2142 BOWERS AVE,SANTA CLARA,CA,95051,"2142 BOWERS AVE, SANTA CLARA, CA, 95051",,0,,,Limited Liability Company,NO,https://motus.dot.gov/api/carriers/5231618
7652251,Chisholm Hill Ag Services LLC,Chisholm Hill Ag Services LLC,MC84855420,Active,Pending,Active,Motor Carrier of Property (Except Household Goods),Motor Carrier (US/Canada),+1 (706) 318-0909,midwayfs@windstream.net,BRIT WILSON,Owner,+1 (706) 318-0909,midwayfs@windstream.net,9780 hwy 98 w,COMMERCE,GA,30530,"9780 hwy 98 w, COMMERCE, GA, 30530",,3,,,Limited Liability Company,NO,https://motus.dot.gov/api/carriers/7652251
3132475,EASON TRUCKING LLC,EASON TRUCKING LLC,MC46622210,Active,Pending,Active,Motor Carrier of Property (Except Household Goods),Motor Carrier (US/Canada),+1 (252) 292-0536,easontruckingllc66@gmail.com,DENNIS M EASON SR,CEO,2522909534,denniseason66.de@gmail.com,6739 LACEY LN,LUCAMA,NC,27851,"6739 LACEY LN, LUCAMA, NC, 27851",0,1,2026-09-30,60000,Limited Liability Company,NO,https://motus.dot.gov/api/carriers/3132475
3848561,LAUBACH TRANSPORT LLC,LAUBACH TRANSPORT LLC,MC69661648,Active,Pending,Active,Motor Carrier of Property (Except Household Goods),Motor Carrier (US/Canada),5732250562,jelaubach@yahoo.com,JEFFREY LAUBACH,OWNER,5732250562,jelaubach@yahoo.com,217 VICKI LYNN CIR,SCOTT CITY,MO,63780,"217 VICKI LYNN CIR, SCOTT CITY, MO, 63780",0,1,2026-09-30,10000,Other,NO,https://motus.dot.gov/api/carriers/3848561
4705149,OSK LLC,OSK LLC,MC90199068,Active,Pending,Active,Motor Carrier of Property (Except Household Goods),Motor Carrier (US/Canada),+1 (626) 866-2216,bellatardis220214@gmail.com,QINGQING LU,Owner,+1 (626) 866-2216,bellatardis220214@gmail.com,1800 S CHAPEL AVE,ALHAMBRA,CA,91801,"1800 S CHAPEL AVE, ALHAMBRA, CA, 91801",,2,,,Limited Liability Company,NO,https://motus.dot.gov/api/carriers/4705149
4403858,ASAP TRANZ INC,ASAP TRANZ INC,MC95364724,Active,Pending,Active,Motor Carrier of Property (Except Household Goods),Motor Carrier (US/Canada),5597649288,asaptranzinc@gmail.com,JAGDEEP SINGH DHATT,PRESIDENT,5597649288,asaptranzinc@gmail.com,5145 E LANE AVE APT 237,FRESNO,CA,93727-4881,"5145 E LANE AVE APT 237, FRESNO, CA, 93727",0,1,2026-09-30,0,Other,NO,https://motus.dot.gov/api/carriers/4403858
9698613,Harvley's Trucking LLC,Harvley's Trucking LLC,MC86978796,Active,Pending,Active,Motor Carrier of Property (Except Household Goods),Regulated Entity,+1 (920) 873-0776,harvleystrucking@gmail.com,Nathanael Harvley,Owner,+1 (920) 873-0776,harvleystrucking@gmail.com,N6703 S 3rd St,Crivitz,WI,54114,"N6703 S 3rd St, Crivitz, WI, 54114",,1,,,Limited Liability Company,NO,https://motus.dot.gov/api/carriers/9698613
6769273,Kantu-Miamen Logistics Corp,Kantu-Miamen Logistics Corp,MC78316360,Active,Pending,Active,Motor Carrier of Property (Except Household Goods),Regulated Entity,+1 (484) 744-5450,oliverk.kmlc@gmail.com,Oliver Miamen,Owner,+1 (484) 744-5450,oliverk.kmlc@gmail.com,6508 75 1/2 Ave N,Brooklyn Park,MN,55428-1426,"6508 75 1/2 Ave N, Brooklyn Park, MN, 55428-1426",,0,,,Corporation (State of Incorporation),NO,https://motus.dot.gov/api/carriers/6769273
3995991,JAC-L LOGISTICS LLC,JAC-L LOGISTICS LLC,MC54558800,Active,Pending,Active,Motor Carrier of Property (Except Household Goods),Motor Carrier (US/Canada),2765945488,michaelqualls25@gmail.com,MICHAEL QUALLS,SOLE MBR,2765945488,michaelqualls25@gmail.com,122 GRANDPARENTS DR,DUFFIELD,VA,24244,"122 GRANDPARENTS DR, DUFFIELD, VA, 24244",0,1,2026-09-30,126000,Other,NO,https://motus.dot.gov/api/carriers/3995991
1424969,DORADO SERVICES INC,DORADO SERVICES INC,MC74794606,Active,Pending,Active,Motor Carrier of Property (Except Household Goods),Motor Carrier (US/Canada),4076880701,jose@doradosi.com,Matthew Brigance,PRESIDENT,+1 (910) 233-2862,m.brigance@ldi89.com,PO BOX 160,KITTERY,ME,03904,"195 W SEMINOLE BLVD, SANFORD, FL, 32771-1305",0,28,2026-09-30,513621,Other,NO,https://motus.dot.gov/api/carriers/1424969
4496257,DEDICATED FLORIDA TRUCKS LLC,DEDICATED FLORIDA TRUCKS LLC,MC74034546,Active,Pending,Active,Motor Carrier of Property (Except Household Goods),Motor Carrier (US/Canada),6893129628,dftrucks25@yahoo.com,JOHNNIE GRIFFIN,MEMBER,6893129628,dftrucks25@yahoo.com,2721 FORSYTH RD STE 200,WINTER PARK,FL,32792-8208,"2721 FORSYTH RD STE 200, WINTER PARK, FL, 32792-8208",0,1,2026-09-30,0,Other,NO,https://motus.dot.gov/api/carriers/4496257
4321112,GIANNA TRUCKING SERVICE LLC,GIANNA TRUCKING SERVICE LLC,MC94847180,Active,Pending,Active,Motor Carrier of Property (Except Household Goods),Motor Carrier (US/Canada),3478304207,giannatruckingservice@gmail.com,ELIAS R ALVAREZ GARCIA,OWNER,3478304207,giannatruckingservice@gmail.com,6651 STEIN WAY,MACUNGIE,PA,18062,"6651 STEIN WAY, MACUNGIE, PA, 18062",0,0,2026-09-30,5,Other,NO,https://motus.dot.gov/api/carriers/4321112
9356214,ALFA LION LOGISTICS LLC,ALFA LION LOGISTICS LLC,MC45652746,Active,Pending,Active,Motor Carrier of Property (Except Household Goods),Regulated Entity,+1 (956) 770-6130,alfalionlog@gmail.com,CONSOLATION LAVANWAY,Director_Operations,+1 (956) 770-6130,alfalionlog@gmail.com,710 ROTH ST,EL CAMPO,TX,77437,"710 ROTH ST, EL CAMPO, TX, 77437",,1,,,Limited Liability Company,NO,https://motus.dot.gov/api/carriers/9356214
8776109,GEO FLEX CORP.,GEO FLEX CORP.,MC74512984,Active,Pending,Active,Motor Carrier of Property (Except Household Goods),Motor Carrier (US/Canada),+1 (347) 779-5855,ramgrowsapps@gmail.com,Nino Abetsvashvili,President,+1 (347) 779-5855,ramgrowsapps@gmail.com,12602 Medford Rd,Philadelphia,PA,19154,"12602 Medford Rd, Philadelphia, PA, 19154",,1,,,Corporation (State of Incorporation),NO,https://motus.dot.gov/api/carriers/8776109
8855194,Arihan Transport LLC,Arihan Transport LLC,MC70588201,Inactive,Withdrawn,Inactive,Motor Carrier of Property (Except Household Goods),Regulated Entity,+1 (702) 610-9763,arihantransportllc@gmail.com,Hanoi Rabago,Owner,+1 (305) 951-1187,hanoirabago@gmail.com,9493 51ST Way N.,Pinellas Park,FL,33782,"9493 51ST Way N., Pinellas Park, FL, 33782",,1,2026-09-30,,Limited Liability Company,NO,https://motus.dot.gov/api/carriers/8855194
7428623,Showtime Trucking LLC,Showtime Trucking LLC,MC88738312,Active,Pending,Active,Motor Carrier of Property (Except Household Goods),Regulated Entity,+1 (225) 380-9411,showtimetrucking2@gmail.com,Darius Tanner,Owner,+1 (225) 788-8346,showtimetrucking2@gmail.com,9250 Hwy 449 9250 Hwy 449,Greensburg,LA,70441,"9250 Hwy 449 9250 Hwy 449, Greensburg, LA, 70441",,2,,,Limited Liability Company,NO,https://motus.dot.gov/api/carriers/7428623
5691478,P4P LOGISTICS LLC,P4P LOGISTICS LLC,MC76569247,Active,Pending,Active,Motor Carrier of Property (Except Household Goods),Regulated Entity,+1 (983) 220-0348,p4plogisticsllc@gmail.com,Marzhona Khatamova,Owner,+1 (983) 220-0348,p4plogisticsllc@gmail.com,375 S JACKSON ST APT 935,Denver,CO,80209,"375 S JACKSON ST APT 935, Denver, CO, 80209",,1,,,Limited Liability Company,NO,https://motus.dot.gov/api/carriers/5691478
6524152,AK01 TRANSPORT INC,AK01 TRANSPORT INC,MC49227923,Active,Pending,Active,Motor Carrier of Property (Except Household Goods),Regulated Entity,+1 (559) 598-1336,ak0111inc@gmail.com,NO GIVEN NAME ANUJ,President,+1 (559) 598-1336,ak0111inc@gmail.com,355 SOUTHGATE AVE APT 304,DALY CITY,CA,94015,"355 SOUTHGATE AVE APT 304, DALY CITY, CA, 94015",,1,,,Corporation (State of Incorporation),NO,https://motus.dot.gov/api/carriers/6524152
3947477,MCCOOE TRUCKING LLC,McCooe Limited,MC71349969,Inactive,Pending,Inactive,Motor Carrier of Property (Except Household Goods),Motor Carrier (US/Canada),9082275272,mccooetrucking@gmail.com,JAMES T MCCOOE,OWNER,9082275272,mccooetrucking@gmail.com,862 Saint Johns Rd Apartment B,Drums,PA,18222,"862 Saint Johns Rd Apartment B, Drums, PA, 18222",0,1,2026-10-02,0,Limited Liability Company,NO,https://motus.dot.gov/api/carriers/3947477
8951926,Paper Chasers Transport LLC,Paper Chasers Transport LLC,MC66657183,Active,Pending,Active,Motor Carrier of Property (Except Household Goods),Motor Carrier (US/Canada),+1 (229) 449-9839,paper3835@hotmail.com,Marilyn Findley,Owner,+1 (229) 854-2083,ganurse2011@hotmail.com,1910 CHATHAM DR,ALBANY,GA,31721,"1910 CHATHAM DR, ALBANY, GA, 31721",,0,,,Limited Liability Company,NO,https://motus.dot.gov/api/carriers/8951926
9590529,CODY24 LLC,CODY24 LLC,MC94892607,Active,Pending,Active,Motor Carrier of Property (Except Household Goods),Regulated Entity,+1 (904) 887-6928,vanessa.hamza24@gmail.com,Vanessa Hamza,President,+1 (904) 887-6928,vanessa.hamza24@gmail.com,10437 Kylemore Glen Ct,Jacksonville,FL,32256,"10437 Kylemore Glen Ct, Jacksonville, FL, 32256",,1,,,Limited Liability Company,NO,https://motus.dot.gov/api/carriers/9590529
4573200,NVA LOGISTICS LLC,NVA LOGISTICS LLC,MC87834364,Active,Pending,Active,Motor Carrier of Property (Except Household Goods),Motor Carrier (US/Canada),7867778473,nvalogisticsllc@gmail.com,YAILIUVYS SANCHEZ REYES,AMBR,7867778473,nvalogisticsllc@gmail.com,2788 OKLAHOMA ST,WEST PALM BEACH,FL,33406-4212,"2788 OKLAHOMA ST, WEST PALM BEACH, FL, 33406",0,1,2026-09-30,0,Other,NO,https://motus.dot.gov/api/carriers/4573200
9754053,UNDERMAP CARGO LLC,UNDERMAP CARGO LLC,MC63598406,Pending,Withdrawn,Pending,Motor Carrier of Property (Except Household Goods),Regulated Entity,+1 (562) 399-8763,undermapcargo@outlook.com,MAURICIO VILLANUEVA HERNANDEZ,Owner,+1 (562) 399-8763,undermapcargo@outlook.com,539 TONOPAH AVE,LA PUENTE,CA,91744,"539 TONOPAH AVE, LA PUENTE, CA, 91744",,1,2026-09-30,,Limited Liability Company,NO,https://motus.dot.gov/api/carriers/9754053
8719004,Mission Essential Transportation LLC,Mission Essential Transportation LLC,MC63120917,Active,Pending,Active,Motor Carrier of Property (Except Household Goods),Motor Carrier (US/Canada),+1 (307) 220-7365,bah65180@yahoo.com,Najibullah Bahrami,Owner,+1 (307) 220-7365,bah65180@yahoo.com,16580 SW Beemer Ln,Tigard,OR,97224,"16580 SW Beemer Ln, Tigard, OR, 97224",,2,,,Limited Liability Company,NO,https://motus.dot.gov/api/carriers/8719004
5540617,Rapid Freight Logistics LLC,Rapid Freight Logistics LLC,MC54146025,Active,Pending,Active,Motor Carrier of Property (Except Household Goods),Regulated Entity,+1 (601) 466-7433,jerry@rapidfreightlogisticsllc.com,Phyllis Washington,Owner,+1 (601) 466-7433,jerry@rapidfreightlogisticsllc.com,161 Broadmore Rd,Lena,MS,39094,"161 Broadmore Rd, Lena, MS, 39094",,1,,,Limited Liability Company,NO,https://motus.dot.gov/api/carriers/5540617
6423839,CANOPY BASECAMP LLC,CANOPY BASECAMP LLC,MC59941115,Active,Pending,Active,Motor Carrier of Property (Except Household Goods),Regulated Entity,+1 (559) 430-6312,apramirez82@gmail.com,ANDY RAMIREZ,CEO,+1 (559) 430-6312,apramirez82@gmail.com,3449 N FORESTIERE AVE,FRESNO,CA,93722,"3449 N FORESTIERE AVE, FRESNO, CA, 93722",,1,2026-09-30,,Limited Liability Company,NO,https://motus.dot.gov/api/carriers/6423839
4581744,DELIVERED INC,DELIVERED INC,MC65113737,Active,Pending,Active,Motor Carrier of Property (Except Household Goods),Motor Carrier (US/Canada),3312187455,office@deliveredusa.net,IGOR RADICANIN,PRESIDENT,3312187455,office@deliveredusa.net,3913 SHAKESPEARE AVE,LYONS,IL,60534-2142,"3913 SHAKESPEARE AVE, LYONS, IL, 60534",0,1,2026-09-30,0,Corporation (State of Incorporation),NO,https://motus.dot.gov/api/carriers/4581744
6710302,B&B Hauling LLC.,B&B Hauling LLC.,MC50576777,Active,Pending,Active,Motor Carrier of Property (Except Household Goods),Regulated Entity,+1 (850) 276-1027,msimien79@gmail.com,Marlon Simien,Owner,+1 (850) 276-1027,msimien79@gmail.com,1109 Lighthouse rd.,Panama City Beach,FL,32407,"1109 Lighthouse rd., Panama City Beach, FL, 32407",,0,,,Limited Liability Company,NO,https://motus.dot.gov/api/carriers/6710302
8889332,RIM Towing Services LLC,RIM Towing Services LLC,MC90504644,Active,Pending,Active,Motor Carrier of Property (Except Household Goods),Regulated Entity,+1 (929) 671-9462,bellemhmdou244@gmail.com,Abdallahi Louleid,Owner,+1 (929) 671-9462,bellemhmdou244@gmail.com,7270 Yates Ford Rd,Manassas,VA,20111-3906,"7270 Yates Ford Rd, Manassas, VA, 20111-3906",,0,,,Limited Liability Company,NO,https://motus.dot.gov/api/carriers/8889332
9859625,E & M Transport and logistics LLC,E & M Transport and logistics LLC,FF70205775,Pending,Withdrawn,Pending,Freight Forwarder of Property (Except Household Goods),Freight Forwarder,+1 (703) 568-7476,emtransportandlogistic26@gmail.com,Maria Ramirez,Owner,+1 (703) 568-7476,mariagramirez58@gmail.com,133 Broad ave,Winchester,VA,22602,"133 Broad ave, Winchester, VA, 22602",,0,2026-09-30,35000,Limited Liability Company,NO,https://motus.dot.gov/api/carriers/9859625
4755967,BROTHERS TRANSPORT SERVICES INC,BROTHERS TRANSPORT SERVICES INC,MC75495351,Active,Pending,Active,Motor Carrier of Property (Except Household Goods),Motor Carrier (US/Canada),+1 (970) 518-5633,alexreyes105@gmail.com,MIGUEL RAMOS REYES,President,+1 (970) 518-5633,alexreyes105@gmail.com,16036 W BRIAN AVE,KERMAN,CA,93630,"16036 W BRIAN AVE, KERMAN, CA, 93630",,1,,,Corporation (State of Incorporation),NO,https://motus.dot.gov/api/carriers/4755967
8908962,Front Door Freight LLC,Front Door Freight LLC,MC94128452,Inactive,Inactive,Inactive,Motor Carrier of Property (Except Household Goods),Motor Carrier (US/Canada),+1 (785) 249-4333,goodrowlogistics@gmail.com,Chris Goodrow,Owner,+1 (785) 249-4333,goodrowlogistics@gmail.com,8101 COLLEGE BLVD STE 130,OVERLAND PARK,KS,66210-2793,"8101 COLLEGE BLVD STE 130, OVERLAND PARK, KS, 66210-2793",,0,,,Limited Liability Company,NO,https://motus.dot.gov/api/carriers/8908962
7435708,DRIVE FOR KEJI LLC,DRIVE FOR KEJI LLC,MC61829191,Inactive,Inactive,Inactive,Motor Carrier of Property (Except Household Goods),Regulated Entity,+1 (240) 906-0639,morenikejiaribatise@yahoo.com,MORENIKEJI ARIBATISE,Owner,+1 (240) 906-0639,morenikejiaribatise@yahoo.com,3418 BLUEBERRY THISTLE LN,FULSHEAR,TX,77441-0078,"3418 BLUEBERRY THISTLE LN, FULSHEAR, TX, 77441-0078",,1,,,Limited Liability Company,NO,https://motus.dot.gov/api/carriers/7435708
7189988,Apex Hauling INC,Apex Hauling INC,MC49256748,Active,Pending,Active,Motor Carrier of Property (Except Household Goods),Motor Carrier (US/Canada),+1 (765) 393-9990,admin@apexhaulinginc.com,Joser Mora,Owner,+1 (765) 393-9990,admin@apexhaulinginc.com,9465 Counselors Row Ste 200,Indianapolis,IN,46240,"9465 Counselors Row Ste 200, Indianapolis, IN, 46240",,1,,,Corporation (State of Incorporation),NO,https://motus.dot.gov/api/carriers/7189988
9064855,Ezmeralda Transportation LLC,Ezmeralda Transportation LLC,MC46195892,Active,Pending,Active,Motor Carrier of Property (Except Household Goods),Motor Carrier (US/Canada),+1 (954) 607-0249,ezmeraldat777@gmail.com,Bernardo Arrieta,Owner,+1 (754) 217-8075,reyjunior1422@gmail.com,621sw 4th st,Hallandale Beach,FL,33009,"621sw 4th st, Hallandale Beach, FL, 33009",,1,,,Limited Liability Company,NO,https://motus.dot.gov/api/carriers/9064855
6821364,New Era Transport LLC,New Era Transport LLC,MC62487303,Active,Pending,Active,Motor Carrier of Property (Except Household Goods),Motor Carrier (US/Canada),+1 (229) 460-4712,neweratransportllc1@yahoo.com,Francisco Granados,Owner,+1 (229) 460-4712,neweratransportllc1@yahoo.com,484 MORNING DEW CIRCLE,PEARSON,GA,31642,"484 MORNING DEW CIRCLE, PEARSON, GA, 31642",,1,,,Limited Liability Company,NO,https://motus.dot.gov/api/carriers/6821364
9514732,Big Roc logistics and solutions LLC,Big Roc logistics and solutions LLC,MC92409681,Pending,Pending,Pending,Motor Carrier of Property (Except Household Goods),Regulated Entity,+1 (505) 357-2936,bigroc@bigroclogistics.org,Angelique Atler,Owner,+1 (505) 357-2936,bigroc@bigroclogistics.org,2300 Diamond Mesa Trail SW 9601,Albuquerque,NM,87121,"2300 Diamond Mesa Trail SW 9601, Albuquerque, NM, 87121",,0,,,Limited Liability Company,NO,https://motus.dot.gov/api/carriers/9514732
6680548,ROADLINK TRANSPORTATION LLC,ROADLINK TRANSPORTATION LLC,MC71453747,Active,Pending,Active,Motor Carrier of Property (Except Household Goods),Regulated Entity,+1 (801) 503-1844,mo.eltaweel91@yahoo.com,MOHAMED ELTAWEEL,Owner,+1 (801) 503-1844,mo.eltaweel91@yahoo.com,28 CHRISTINA ST.,LITTLE FERRY,NJ,07643,"28 CHRISTINA ST., LITTLE FERRY, NJ, 07643",,1,,,Limited Liability Partnership,NO,https://motus.dot.gov/api/carriers/6680548
9872187,MICO Live! LLC,MICO Live! LLC,MC56763559,Active,Withdrawn,Active,Motor Carrier of Property (Except Household Goods),Regulated Entity,+1 (416) 843-5945,mgmt@micotoronto.com,Jose Miguel Veloso,CEO,+1 (416) 843-5945,mgmt@micotoronto.com,3130 Wilshire blvd suite 600,santa monica,CA,90403,"3130 Wilshire blvd suite 600, santa monica, CA, 90403",,0,2026-10-06,,Limited Liability Company,NO,https://motus.dot.gov/api/carriers/9872187
5291304,MIKES TRANSPORT SERVICE EXPRESS L.L.C.,MTS Transport & Logistics,MC56884643,Active,Pending,Active,Motor Carrier of Property (Except Household Goods),Regulated Entity,+1 (315) 726-5822,dispatch@transportlogistics.com,Michael Pittman,Owner,+1 (315) 726-5822,dispatch@transportlogistics.com,44 Rickard st Apt D5,Cortland,NY,13045,"44 Rickard st Apt D5, Cortland, NY, 13045",,0,,,Limited Liability Company,NO,https://motus.dot.gov/api/carriers/5291304
5300507,IBC TRUCKING INC,IBC TRUCKING INC,MC87394965,Active,Pending,Active,Motor Carrier of Property (Except Household Goods),Regulated Entity,+1 (908) 576-1663,ibctruckinginc@gmail.com,Idelfonso Batista Cruz,President,+1 (908) 576-1663,ibctruckinginc@gmail.com,15496 SARATOGA DR,BROOKSVILLE,FL,34604,"15496 SARATOGA DR, BROOKSVILLE, FL, 34604",,1,,,Corporation (State of Incorporation),NO,https://motus.dot.gov/api/carriers/5300507
6512524,WJ TRANSPORTATION LLC,WJ TRANSPORTATION LLC,MC89711211,Active,Pending,Active,Motor Carrier of Property (Except Household Goods),Motor Carrier (US/Canada),+1 (862) 270-6060,jcatransport07040@gmail.com,EZEQUIEL NASCIMENTO DA SILVA,Owner,+1 (862) 270-6060,jcatransport07040@gmail.com,49 SOMMER AVE,MAPLEWOOD,NJ,07040,"49 SOMMER AVE, MAPLEWOOD, NJ, 07040",,1,,,Limited Liability Company,NO,https://motus.dot.gov/api/carriers/6512524
4580444,KAL EXPRESS LLC,KAL EXPRESS LLC,MC83495162,Active,Pending,Active,Motor Carrier of Property (Except Household Goods),Motor Carrier (US/Canada),3174099552,kaltrucking28@gmail.com,KALKIDAN AYELE,MANAGER,3174099552,kaltrucking28@gmail.com,10810 RUNNING BROOK RD,INDIANAPOLIS,IN,46234-7741,"10810 RUNNING BROOK RD, INDIANAPOLIS, IN, 46234",0,1,2026-09-30,0,Other,NO,https://motus.dot.gov/api/carriers/4580444
5098126,"PGC TRUCKING, LLC","PGC TRUCKING, LLC",MC68040584,Active,Pending,Active,Motor Carrier of Property (Except Household Goods),Regulated Entity,+1 (404) 713-1584,pgctrucking@yahoo.com,Rojay Chaplin,Owner,+1 (404) 713-1584,pgctrucking@yahoo.com,588 Green Valley Dr,Winder,GA,30680,"588 Green Valley Dr, Winder, GA, 30680",,0,,,Limited Liability Company,NO,https://motus.dot.gov/api/carriers/5098126
7644154,Earth Movers LLC,Earth Movers LLC,MC72423646,Active,Pending,Active,Motor Carrier of Property (Except Household Goods),Regulated Entity,+1 (850) 417-0253,moversearth26@gmail.com,Trenton Barnes,CEO,+1 (251) 294-1415,jowhite@windcreek.com,172 Edgewood Ct,Atmore,AL,36502,"172 Edgewood Ct, Atmore, AL, 36502",,0,,,Limited Liability Company,NO,https://motus.dot.gov/api/carriers/7644154
9184979,Mcmurrian Transport LLC,Mcmurrian Transport LLC,MC69643793,Active,Pending,Active,Motor Carrier of Property (Except Household Goods),Motor Carrier (US/Canada),+1 (870) 918-4103,mcmurriantrnasport@outlook.com,Nicholas Mcmurrian,Owner,+1 (870) 918-4103,mcmurriantransport@outlook.com,2712 Urbana rd.,El Dorado,AR,71730,"2712 Urbana rd., El Dorado, AR, 71730",,0,,,Sole Proprietor,NO,https://motus.dot.gov/api/carriers/9184979
5431712,RJ Olson LLC,Wander Utah RV Rental,MC84339989,Inactive,Withdrawn,Inactive,Motor Carrier of Property (Except Household Goods),Motor Carrier (US/Canada),+1 (385) 445-1915,wanderutah1@gmail.com,Ryan Olson,Owner,+1 (385) 445-1915,rjolsonllc@gmail.com,2097 E LODGE POLE DRIVE,EAGLE MOUNTAIN,UT,84005,"2097 E LODGE POLE DRIVE, EAGLE MOUNTAIN, UT, 84005",,1,,,Limited Liability Company,NO,https://motus.dot.gov/api/carriers/5431712
7528147,IAS TRANS LLC,IAS TRANS LLC,MC46908128,Active,Pending,Active,Motor Carrier of Property (Except Household Goods),Motor Carrier (US/Canada),+1 (315) 450-8438,imankey85@gmail.com,Iman Iman,CEO,+1 (315) 450-8438,imankey85@gmail.com,1620 4th Ave N,Sartell,MN,56377-1469,"1620 4th Ave N, Sartell, MN, 56377-1469",,1,,,Limited Liability Company,NO,https://motus.dot.gov/api/carriers/7528147
7562463,G2G EXPEDITE LLC,G2G EXPEDITE LLC,MC78122250,Active,Pending,Active,Motor Carrier of Property (Except Household Goods),Regulated Entity,+1 (484) 554-0526,loads@g2gexpedite.com,Oleh Salamandyk,Owner,+1 (484) 554-0526,loads@g2gexpedite.com,3 E North St. Suite 3,BETHLEHEM,PA,18018,"3 E North St. Suite 3, BETHLEHEM, PA, 18018",,1,,,Limited Liability Company,NO,https://motus.dot.gov/api/carriers/7562463
4990183,L C K TRANSPORT LLC,L C K TRANSPORT LLC,MC95909339,Active,Pending,Active,Motor Carrier of Property (Except Household Goods),Regulated Entity,+1 (216) 338-5001,lcktransport2026@gmail.com,CYNTHIA VARGAS,Owner,+1 (216) 280-5775,lcktransport2026@gmail.com,4018 CLYBOURNE AVE,CLEVELAND,OH,44109,"4018 CLYBOURNE AVE, CLEVELAND, OH, 44109",,0,,,Limited Liability Company,NO,https://motus.dot.gov/api/carriers/4990183
4474688,PROMETHEUS LOGISTICS SOLUTIONS,PROMETHEUS LOGISTICS SOLUTIONS,MC45339255,Active,Pending,Active,Motor Carrier of Property (Except Household Goods),Motor Carrier (US/Canada),3056135342,prometheus.logistics18@gmail.com,ANTHONY RODRIGUEZ,OWNER,+1 (305) 613-5342,prometheus.logistics18@gmail.com,3574 W 71ST TER,HIALEAH,FL,33018,"3574 W 71ST TER, HIALEAH, FL, 33018",0,1,2026-09-30,9600,Limited Liability Company,NO,https://motus.dot.gov/api/carriers/4474688
4675101,CQM MULTISERVICE LLC,CQM MULTISERVICE LLC,MC83459721,Active,Pending,Active,Motor Carrier of Property (Except Household Goods),Regulated Entity,+1 (336) 705-0502,quintana.carlos1@icloud.com,CARLIOVY QUINTANA MARTINEZ,Owner,+1 (336) 705-0502,quintana.carlos1@icloud.com,1705 KARMEL DR,WINSTON SALEM,NC,27127,"1705 KARMEL DR, WINSTON SALEM, NC, 27127",,0,,,Limited Liability Company,NO,https://motus.dot.gov/api/carriers/4675101
4110756,DUMPSTER MANAGEMENT LLC,NICE SITE SERVICES,MC76872201,Active,Pending,Active,Motor Carrier of Property (Except Household Goods),Motor Carrier (US/Canada),7707516500,todaydumpsters@gmail.com,WILLIAM JENKINS,CEO,+1 (678) 836-8771,todaydumpsters@gmail.com,1770 CANTON RD,JASPER,GA,30143-8379,"1770 CANTON RD, JASPER, GA, 30143-8379",0,5,2026-09-30,65490,Limited Liability Company,NO,https://motus.dot.gov/api/carriers/4110756
6049989,Roderrick Marcel Drayton,WWJD & Associates,MC92731563,Active,Pending,Active,Motor Carrier of Property (Except Household Goods),Regulated Entity,+1 (253) 579-7984,roderrickd@gmail.com,RODERRICK DRAYTON,Owner,+1 (253) 579-7984,roderrickd@gmail.com,800 A Judy St,Queen City,TX,75572,"800 A Judy St, Queen City, TX, 75572",,0,,,Sole Proprietor,NO,https://motus.dot.gov/api/carriers/6049989
5312507,Tosa Group LLC,Tosa Group LLC,MC57453909,Active,Pending,Active,Motor Carrier of Property (Except Household Goods),Regulated Entity,+1 (832) 542-3439,tosagroupllc@gmail.com,Guadalupe Todd Diaz,Owner,+1 (832) 542-3439,tosagroupllc@gmail.com,2300 MCCUE RD Apt 329,houston,TX,77056,"2300 MCCUE RD Apt 329, houston, TX, 77056",,0,,,Limited Liability Company,NO,https://motus.dot.gov/api/carriers/5312507
9701697,MAXIMUS MEDIA GROUP LLC,MAXIMUS MEDIA GROUP LLC,MC74710601,Active,Pending,Active,Motor Carrier of Property (Except Household Goods),Regulated Entity,+1 (208) 333-3333,motusapps@yahoo.com,Joshua Edwards,CEO,+1 (208) 333-4444,maximusowner@icloud.com,9310 Chaddsford,SAN ANTONIO,TX,78250,"9310 Chaddsford, SAN ANTONIO, TX, 78250",,0,,,Limited Liability Company,NO,https://motus.dot.gov/api/carriers/9701697
4399482,POOLE ENTERPRISES LLC,POOLE ENTERPRISES LLC,MC90675961,Active,Pending,Active,Motor Carrier of Property (Except Household Goods),Motor Carrier (US/Canada),7706801966,brianpoole1234@gmail.com,BRIAN KEITH POOLE,CEO,+1 (770) 680-1966,brianpoole1234@gmail.com,260 Sandbed Road,Newton,AL,36352,"260 Sandbed Road, Newton, AL, 36352",0,4,2025-04-24,0,Limited Liability Company,NO,https://motus.dot.gov/api/carriers/4399482
6372393,Continental Produce Imports LLC.,Continental Produce Imports LLC.,MC63016005,Active,Pending,Active,Motor Carrier of Property (Except Household Goods),Regulated Entity,+1 (956) 266-8035,continentalproduceimports@gmail.com,Jose Gomez Luna,Owner,+1 (956) 266-8035,continentalproduceimports@gmail.com,2400 COURAGE ST STE 101,BROWNSVILLE,TX,78521,"31919 fm 2520, san benito, TX, 78586",,1,2026-09-30,,Limited Liability Company,NO,https://motus.dot.gov/api/carriers/6372393
7491394,MMM Red Line LLC,MMM Red Line LLC,MC67098620,Active,Pending,Active,Motor Carrier of Property (Except Household Goods),Motor Carrier (US/Canada),+1 (971) 442-1147,mmmredlinellc@gmail.com,Mihail Mircea,Owner,+1 (971) 442-1147,mmmredlinellc@gmail.com,5714 ne 72nd Ave,Vancouver,WA,98661,"5714 ne 72nd Ave, Vancouver, WA, 98661",,0,2026-09-30,,Limited Liability Company,NO,https://motus.dot.gov/api/carriers/7491394
6207724,Prado towing & recovery,Prado towing & recovery,MC53551266,Active,Pending,Active,Motor Carrier of Property (Except Household Goods),Regulated Entity,+1 (914) 433-4807,pradotowingrecovery@gmail.com,Felipe Prado De Melo,President,+1 (914) 433-4807,pradotowingrecovery@gmail.com,165 Huguenot st Apt 5L,New Rochelle,NY,10801,"165 Huguenot st Apt 5L, New Rochelle, NY, 10801",,1,,,Limited Liability Company,NO,https://motus.dot.gov/api/carriers/6207724
4254663,3 TWENTY TRUCKING GROUP LLC,3 TWENTY TRUCKING GROUP LLC,MC88592680,Active,Pending,Active,Motor Carrier of Property (Except Household Goods),Motor Carrier (US/Canada),7572148165,3twentytruckinggroup@gmail.com,ANTOINE J FURLOW,CEO,7572148165,3twentytruckinggroup@gmail.com,408 COTTONWOOD ST,NEWPORT NEWS,VA,23608-1336,"408 COTTONWOOD ST, NEWPORT NEWS, VA, 23608-1336",0,1,2026-09-30,0,Other,NO,https://motus.dot.gov/api/carriers/4254663
4199877,AUTO 1 COMPANY,AUTO 1 COMPANY,MC74552659,Active,Pending,Active,Motor Carrier of Property (Except Household Goods),Motor Carrier (US/Canada),8017668370,sales@auto1oil.com,CODY BLACK,CEO,8017668370,cody@auto1oil.com,2023 N 600 W,LEHI,UT,84043-2867,"1325 E MAIN ST, LEHI, UT, 84043-9705",0,9,2026-09-30,0,Limited Liability Company,NO,https://motus.dot.gov/api/carriers/4199877
8979657,Wizard Trucking LLC,Wizard Trucking LLC,MC98478303,Active,Pending,Active,Motor Carrier of Property (Except Household Goods),Regulated Entity,+1 (347) 825-6570,wiztruck89@gmail.com,Luis Binet  Ventura,Owner,+1 (347) 825-6570,wiztruck89@gmail.com,3838 biscay place,Land o Lakes,FL,34639,"3838 biscay place, Land o Lakes, FL, 34639",,1,,,Limited Liability Company,NO,https://motus.dot.gov/api/carriers/8979657
7593406,ZEMS LOGISTICS LLC,ZEMS LOGISTICS LLC,MC90941429,Active,Pending,Active,Motor Carrier of Property (Except Household Goods),Regulated Entity,+1 (773) 567-1613,elvis_80le@hotmail.com,ELVIS GANEVIC,MEMBER,+1 (773) 322-3262,elvis_80le@hotmail.com,7701 W LAWRENCE AVE,NORRIDGE,IL,60706,"7701 W LAWRENCE AVE, NORRIDGE, IL, 60706",,1,,,Corporation (State of Incorporation),NO,https://motus.dot.gov/api/carriers/7593406
7980790,Brothers Towing & Recovery LLC,Brothers Towing & Recovery LLC,MC88826822,Active,Pending,Active,Motor Carrier of Property (Except Household Goods),Regulated Entity,+1 (267) 367-2447,brotherstowingga@yahoo.com,Bruce Poles,Owner,+1 (267) 367-2447,brotherstowingga@yahoo.com,2100 Parklake Drive NE Suite O,Atlanta,GA,30345-2814,"2100 Parklake Drive NE Suite O, Atlanta, GA, 30345-2814",,1,2026-09-30,,Limited Liability Company,NO,https://motus.dot.gov/api/carriers/7980790
7897029,AN ZHENG DA EXPRESS CORP,AN ZHENG DA EXPRESS CORP,MC52338218,Active,Pending,Active,Motor Carrier of Property (Except Household Goods),Regulated Entity,+1 (646) 321-5505,anzhengdaexpresscorp@gmail.com,LI WANG,Owner,+1 (646) 321-5505,anzhengdaexpresscorp@gmail.com,25-29 121St Street,FLUSHING,NY,11354,"25-29 121St Street, FLUSHING, NY, 11354",,,,,Corporation (State of Incorporation),NO,https://motus.dot.gov/api/carriers/7897029
6938774,"Zhen Linen, INC.","Zhen Linen, INC.",MC83988879,Active,Withdrawn,Active,Motor Carrier of Property (Except Household Goods),Regulated Entity,+1 (818) 800-7072,karenrush5@gmail.com,Karen Rushanyan,CEO,+1 (818) 800-7072,karenrush5@gmail.com,2911 Thornton Ave,Burbank,CA,91504,"2911 Thornton Ave, Burbank, CA, 91504",,1,2026-10-01,1000,Corporation (State of Incorporation),NO,https://motus.dot.gov/api/carriers/6938774
6192067,Serenity Streams LLC,Serenity Streams LLC,MC91997550,Active,Pending,Active,Motor Carrier of Property (Except Household Goods),Regulated Entity,+1 (916) 212-7557,info@serenitystreamsco.com,Chequeta Shells,Owner,+1 (602) 844-2028,info@serenitystreamsco.com,22424 S Ellsworth Rd #1444,Queen Creek,AZ,85142-9387,"2705 S ALMA SCHOOL RD, CHANDLER, AZ, 85286-4400",,1,2026-09-30,0,Limited Liability Company,NO,https://motus.dot.gov/api/carriers/6192067
5791523,Hunter Construction LLC,Hunter Construction LLC,MC90534576,Active,Pending,Active,Motor Carrier of Property (Except Household Goods),Motor Carrier (US/Canada),+1 (302) 507-0868,bpreston105@yahoo.com,William Preston,Owner,+1 (302) 507-0868,bpreston105@yahoo.com,18 Top View Ct,Newark,DE,19702-1623,"18 Top View Ct, Newark, DE, 19702-1623",,1,,,Limited Liability Company,NO,https://motus.dot.gov/api/carriers/5791523
7419784,Robinson Solutions LLC,Robinson Solutions LLC,MC72965676,Active,Withdrawn,Active,Motor Carrier of Property (Except Household Goods),Regulated Entity,+1 (864) 285-7624,robinsonsolutions864@gmail.com,Dashun Robinson,President,+1 (864) 285-7624,tobyrobinson35@gmail.com,312 Londonberry Dr,Spartanburg,SC,29301,"2498 SOUTHPORT RD SPARTANBURG SC 29302, SPARTANBURG, SC, 29302",,1,2026-09-30,,Limited Liability Company,NO,https://motus.dot.gov/api/carriers/7419784
8333550,Aloha Freightways LLC,Aloha Freightways LLC,MC55540718,Active,Pending,Active,Motor Carrier of Property (Except Household Goods),Regulated Entity,+1 (914) 629-6089,kklein@pgadeliveryservice.com,Kimberly Klein,Owner,+1 (516) 428-4541,kklein@pgadeliveryservice.com,12250 NW 28th Ave,Miami,FL,33167,"12250 NW 28th Ave, Miami, FL, 33167",,4,,,Limited Liability Company,NO,https://motus.dot.gov/api/carriers/8333550
4915504,XLB Express LLC,XLB Express LLC,MC64883383,Active,Pending,Active,Motor Carrier of Property (Except Household Goods),Regulated Entity,+1 (682) 364-5622,xavier.bell@xlbexpress.com,Xavier Bell,Owner,+1 (469) 644-7359,xavier.bell@xlbexpress.com,7827 Ferguson Rd Apt 504,Dallas,TX,75228,"7827 Ferguson Rd Apt 504, Dallas, TX, 75228",,0,,,Limited Liability Company,NO,https://motus.dot.gov/api/carriers/4915504
9542113,Quick FL Logistics LLC,Quick FL Logistics LLC,MC75336208,Active,Pending,Active,Motor Carrier of Property (Except Household Goods),Regulated Entity,+1 (978) 702-3997,fernando_28lituma@icloud.com,John Lituma Sumba,Owner,+1 (978) 702-3997,fernando_28lituma@icloud.com,4550 Central ave NE lot 1441,Hilltop,MN,55421,"4550 Central ave NE lot 1441, Hilltop, MN, 55421",,0,,,Limited Liability Company,NO,https://motus.dot.gov/api/carriers/9542113
1375549,RAINY LAKE OIL INC,RAINY LAKE OIL INC,MC70753833,Active,Pending,Active,Motor Carrier of Property (Except Household Goods),Shipper,2182834477,larry.keep@rainylakeoil.com,LARRY KEEP,PRESIDENT,2182834477,larry.keep@rainylakeoil.com,383 HIGHWAY 332 E,INTERNATIONAL FALLS,MN,56649,"383 HIGHWAY 332 E, INTERNATIONAL FALLS, MN, 56649",0,9,2026-10-05,500000,Other,NO,https://motus.dot.gov/api/carriers/1375549
4420632,SWAGO LOGISTICS LLC,SWAGO LOGISTICS LLC,MC89842025,Active,Pending,Active,Motor Carrier of Property (Except Household Goods),Motor Carrier (US/Canada),2014108665,swagologistics@gmail.com,GORAN SVAJKJAROSKI,OWNER,2014108665,swagologistics@gmail.com,56 SPRUCE ST,ELMWOOD PARK,NJ,07407-2760,"56 SPRUCE ST, ELMWOOD PARK, NJ, 07407",0,1,2026-09-30,0,Limited Liability Company,NO,https://motus.dot.gov/api/carriers/4420632
5624629,"Angelic Transpo Services, LLC","Angelic Transpo Services, LLC",MC61183050,Active,Pending,Active,Motor Carrier of Property (Except Household Goods),Regulated Entity,+1 (609) 742-7900,angelic@angelictranspo.com,Angelic Cruz,Owner,+1 (609) 742-7900,angelictransposervices@gmail.com,2600 TILTON ROAD UNIT 5222,EGG HARBOR TOWNSHIP,NJ,08234,"400 RUSTIC DR, EGG HARBOR TOWNSHIP, NJ, 08234",,1,,,Limited Liability Company,NO,https://motus.dot.gov/api/carriers/5624629
8841535,AUTO RESCUE LLC,Ken's Northwest Towing,MC94354625,Active,Pending,Active,Motor Carrier of Property (Except Household Goods),Regulated Entity,+1 (509) 582-9414,kensautorescue@gmail.com,Kenneth Schmidt,Owner,+1 (509) 582-9414,kensautorescue@gmail.com,222 E Bruneau Ave #B,Kennewick,WA,99336,"222 E Bruneau Ave #B, Kennewick, WA, 99336",,2,,,Limited Liability Company,NO,https://motus.dot.gov/api/carriers/8841535
5120190,RS Prime Logistics INC,RS Prime Logistics INC,MC98107882,Active,Pending,Active,Motor Carrier of Property (Except Household Goods),Regulated Entity,+1 (929) 888-5507,rsprimelogistics@gmail.com,Sardor Usmonov,Owner,+1 (929) 888-5507,rsprimelogistics@gmail.com,15108 Kallaste DR,Philadelphia,PA,19116,"15108 Kallaste DR, Philadelphia, PA, 19116",,1,,,Corporation (State of Incorporation),NO,https://motus.dot.gov/api/carriers/5120190
6598425,VVA EXPRESS LLC,VVA EXPRESS LLC,MC84976870,Active,Pending,Active,Motor Carrier of Property (Except Household Goods),Regulated Entity,+1 (614) 282-8803,vvaexpressllc026@gmail.com,SEVANA CANGAS,Owner,+1 (614) 282-8803,vvaexpressllc026@gmail.com,1982 WINSLOW DR apt 2,COLUMBUS,OH,43207,"2104 WINSLOW DR APT 4, COLUMBUS, OH, 43207",,1,,,Limited Liability Company,NO,https://motus.dot.gov/api/carriers/6598425
7218073,LEWZ EXTERIOR LLC,LEWZ EXTERIOR LLC,MC97927124,Active,Pending,Active,Motor Carrier of Property (Except Household Goods),Regulated Entity,+1 (618) 751-4057,lewzexteriorllc@hotmail.com,SEAN LEWIS,Owner,+1 (618) 751-4057,lewzexteriorllc@hotmail.com,127 N 75TH ST,BELLEVILLE,IL,62223,"127 N 75TH ST, BELLEVILLE, IL, 62223",,0,,,Limited Liability Company,NO,https://motus.dot.gov/api/carriers/7218073
7651712,SHERR LOGISTICS LLC,SHERR LOGISTICS LLC,MC55763285,Active,Pending,Active,Motor Carrier of Property (Except Household Goods),Regulated Entity,+1 (551) 326-4369,sherrtrucking@gmail.com,SHERROD YOUNG,Owner,+1 (551) 326-4369,sherrtrucking@gmail.com,W 47TH ST APT 43,BAYONNE,NJ,07002,"W 47TH ST APT 43, BAYONNE, NJ, 07002",,0,,,Limited Liability Company,NO,https://motus.dot.gov/api/carriers/7651712
4362637,DRAGON LOGISTICS LLC,DRAGON LOGISTICS LLC,MC92662413,Active,Pending,Active,Motor Carrier of Property (Except Household Goods),Motor Carrier (US/Canada),2073103936,eyad.almanlaaa@gmail.com,MOHAMAD MOHAMAD ALMANLA,PRESIDENT,2073103936,eyad.almanlaaa@gmail.com,132 WASHINGTON ST,OAKLAND,ME,04963-5249,"132 WASHINGTON ST, OAKLAND, ME, 04963-5249",0,1,2026-09-30,1,Limited Liability Company,NO,https://motus.dot.gov/api/carriers/4362637
7414890,Buk transportation  corp,Buk transportation  corp,MC49747578,Active,Pending,Active,Motor Carrier of Property (Except Household Goods),Regulated Entity,+1 (646) 427-0209,buktransport2026@gmail.com,Valeriy Bulbuk,President,+1 (646) 427-0209,buktransport2026@gmail.com,491 maple avenu,Cherry creek,NY,14723,"491 maple avenu, Cherry creek, NY, 14723",,1,,,Corporation (State of Incorporation),NO,https://motus.dot.gov/api/carriers/7414890
7940919,"AAA Galvanizing - Peoria, Inc.",AZZ Galvanizing - Peoria,MC93440184,Active,Pending,Active,Motor Carrier of Property (Except Household Goods),Regulated Entity,+1 (309) 697-4100,dot@azz.com,Todd Bella,President,+1 (816) 241-4300,toddbella@azz.com,3100 W. 7th St. Suite 500,FT WORTH,TX,76107,"6718 W Plank Rd, Peoria, IL, 61604",,1,,,Limited Liability Company,NO,https://motus.dot.gov/api/carriers/7940919
8163714,SNOWBIRDS EXPRESS LLC,SNOWBIRDS EXPRESS LLC,MC64801094,Active,Pending,Active,Motor Carrier of Property (Except Household Goods),Regulated Entity,+1 (484) 273-8343,snowbirdexpressjet@gmail.com,RAVSHAN BAKAEV,President,+1 (484) 273-8343,snowbirdexpressjet@gmail.com,10866 PARLIN TER APT 2,PHILADELPHIA,PA,19116,"10866 PARLIN TER APT 2, PHILADELPHIA, PA, 19116",,1,,,Limited Liability Company,NO,https://motus.dot.gov/api/carriers/8163714
8202920,INTERSTATE 18 INC,INTERSTATE 18 INC,MC63303621,Active,Pending,Active,Motor Carrier of Property (Except Household Goods),Regulated Entity,+1 (313) 303-4852,interstate051@gmail.com,ASEEL SAED,President,+1 (313) 303-4852,interstate051@gmail.com,5764 OGDEN ST,DETROIT,MI,48210-2559,"5764 OGDEN ST, DETROIT, MI, 48210-2559",,1,,,Corporation (State of Incorporation),NO,https://motus.dot.gov/api/carriers/8202920
9595570,Western Carolina Tool & Mold Corp. Inc.,Western Carolina Tool & Mold Corp. Inc.,MC52717012,Active,Withdrawn,Active,Motor Carrier of Property (Except Household Goods),Motor Carrier (US/Canada),+1 (828) 890-4448,chartman@wescartool.com,Gabriel English,President,+1 (828) 890-4448,genglish@wescartool.com,3 Brandy Branch Road,Mills River,NC,28759,"3 Brandy Branch Road, Mills River, NC, 28759",,0,2026-10-06,25000,Corporation (State of Incorporation),NO,https://motus.dot.gov/api/carriers/9595570
9244828,UW TRANSPORT INC,UW TRANSPORT INC,MC60791694,Active,Pending,Active,Motor Carrier of Property (Except Household Goods),Regulated Entity,+1 (317) 509-9349,dispatch@uwtransportinc.com,SIMRANPAL SINGH,President,+1 (317) 509-9349,dispatch@uwtransportinc.com,27 LAKE DR S,Brownsburg,IN,46112,"27 LAKE DR S, Brownsburg, IN, 46112",,1,,,Corporation (State of Incorporation),NO,https://motus.dot.gov/api/carriers/9244828
7980775,ROBINHOOD CARRIERS INC,ROBINHOOD CARRIERS INC,MC82493642,Active,Pending,Active,Motor Carrier of Property (Except Household Goods),Motor Carrier (US/Canada),+1 (310) 619-9219,robinhoodcarriersinc@gmail.com,AVNEET KAUR SRA,President,+1 (310) 619-9219,robinhoodcarriersinc@gmail.com,2911 BOWENS LN,TRACY,CA,95377,"2911 BOWENS LN, TRACY, CA, 95377",,1,,,Corporation (State of Incorporation),NO,https://motus.dot.gov/api/carriers/7980775
7971333,TRIZTAN TRUCKS SERVICES LLC,TRIZTAN TRUCKS SERVICES LLC,MC84966086,Active,Pending,Active,Motor Carrier of Property (Except Household Goods),Motor Carrier (US/Canada),+1 (605) 416-4521,robinsonapolinario.r@gmail.com,ROBINSON APOLINARIO,Owner,+1 (605) 416-4521,robinsonapolinario.r@gmail.com,5045 LEESHIRE TRL,TUCKER,GA,30084,"5045 LEESHIRE TRL, TUCKER, GA, 30084",,1,,,Limited Liability Company,NO,https://motus.dot.gov/api/carriers/7971333
4567431,NEWORX ENTERPRISES LLC,NEWORX ENTERPRISES LLC,MC74348333,Active,Pending,Active,Motor Carrier of Property (Except Household Goods),Motor Carrier (US/Canada),7013411626,aaron.neworx@gmail.com,AARON YODER,OWNER,7013411626,aaron.neworx@gmail.com,PO Box 611,Watford City,ND,58854,"13052 6TH ST NW, GRASSY BUTTE, ND, 58634",0,2,2026-09-30,0,Sole Proprietor,NO,https://motus.dot.gov/api/carriers/4567431
7416722,ONT Hotshot LLC,ONT Hotshot LLC,MC92517763,Active,Pending,Active,Motor Carrier of Property (Except Household Goods),Regulated Entity,+1 (918) 882-7719,norbumoktan2004@gmail.com,Om Tamang,Owner,+1 (918) 882-7719,norbumoktan2004@gmail.com,1675 Hi Roc Rd Ne,conyer,GA,30012,"1675 Hi Roc Rd Ne, conyer, GA, 30012",,1,,,Limited Liability Company,NO,https://motus.dot.gov/api/carriers/7416722
6040355,ALL IN AMERICA TRANSPORT LLC,ALL IN AMERICA TRANSPORT LLC,MC64505182,Active,Pending,Active,Motor Carrier of Property (Except Household Goods),Regulated Entity,+1 (502) 249-4338,yesminmayelin@gmail.com,YESMIN PENA GONZALEZ,Owner,+1 (502) 249-4338,yesminmayelin@gmail.com,500 E BLUE JAY RD,LOUISVILLE,KY,40229,"500 E BLUE JAY RD, LOUISVILLE, KY, 40229",,0,,,Limited Liability Company,NO,https://motus.dot.gov/api/carriers/6040355
4870160,KMK Trucking Inc,KMK Trucking Inc,MC65777088,Active,Pending,Active,Motor Carrier of Property (Except Household Goods),Regulated Entity,+1 (559) 894-2843,kmktruckinginc56@gmail.com,Manjeet Kumar,CEO,+1 (559) 894-2843,kmktruckinginc56@gmail.com,3701 W ELLERY AVE,Fresno,CA,93711,"3701 W ELLERY AVE, Fresno, CA, 93711",,1,,,Corporation (State of Incorporation),NO,https://motus.dot.gov/api/carriers/4870160
5206993,BOGAN BOY LOGISTICS LLC,BOGAN BOY LOGISTICS LLC,MC58168247,Active,Pending,Active,Motor Carrier of Property (Except Household Goods),Regulated Entity,+1 (812) 354-4875,boganboylogisticsllc@gmail.com,JESSE HARRIS,Owner,+1 (812) 354-4875,boganboylogisticsllc@gmail.com,3454 ANGELIN DR,BARTLETT,TN,38135-2554,"3454 ANGELIN DR, BARTLETT, TN, 38135-2554",,0,,,Limited Liability Company,NO,https://motus.dot.gov/api/carriers/5206993
7113751,imperial Haulers Inc,imperial Haulers Inc,MC69198311,Active,Pending,Active,Motor Carrier of Property (Except Household Goods),Regulated Entity,+1 (661) 744-7747,imperialhaulers@protonmail.com,ashot simonyan,President,+1 (661) 744-7747,imperialhaulers@protonmail.com,41015 36th st west,Palmdale,CA,93551,"41015 36th st west, Palmdale, CA, 93551",,1,,,Corporation (State of Incorporation),NO,https://motus.dot.gov/api/carriers/7113751
5548655,BONANZA STAR ALLIANCE LLC,BONANZA STAR ALLIANCE LLC,MC56756179,Active,Pending,Active,Motor Carrier of Property (Except Household Goods),Motor Carrier (US/Canada),+1 (973) 415-7379,bonanzastarllc@gmail.com,DIANA SERRANO,Owner,+1 (973) 415-7379,bonanzastarllc@gmail.com,9530 BELLECLAIRE LN,HOUSTON,TX,77044,"9530 BELLECLAIRE LN, HOUSTON, TX, 77044",,1,,,Limited Liability Company,NO,https://motus.dot.gov/api/carriers/5548655
9143727,FERRO PINTO TRUCKING LLC,3 QUEENS HAULING,MC57800698,Active,Withdrawn,Active,Motor Carrier of Property (Except Household Goods),Regulated Entity,+1 (608) 566-8231,meli_pincel@hotmail.com,Angie Pinto Celis,Owner,+1 (608) 566-8231,meli_pincel@hotmail.com,729 W Pleasant st,PORTAGE,WI,53901,"729 W Pleasant st, PORTAGE, WI, 53901",,1,,,Limited Liability Company,NO,https://motus.dot.gov/api/carriers/9143727
6389691,Two Kings Transport & Logistics LLC,Two Kings Transport & Logistics LLC,MC61182262,Active,Pending,Active,Motor Carrier of Property (Except Household Goods),Motor Carrier (US/Canada),+1 (701) 200-4631,twokingslogisticsnc@gmail.com,Clarence Massalay,Owner,+1 (701) 200-4631,cmassalay61@gmail.com,198 shay crossing rd,Salisbury,NC,28146-6225,"198 shay crossing rd, Salisbury, NC, 28146-6225",,0,,,Limited Liability Company,NO,https://motus.dot.gov/api/carriers/6389691
7213133,605 TRANSPORT LLC,605 TRANSPORT LLC,MC89907287,Active,Pending,Active,Motor Carrier of Property (Except Household Goods),Motor Carrier (US/Canada),+1 (562) 738-1699,jlsan16@icloud.com,JOSE SANCHEZ,CEO,+1 (562) 738-1699,jlsan16@icloud.com,16600 Orange Avenue # 34,PARAMOUNT,CA,90723,"16600 Orange Avenue # 34, PARAMOUNT, CA, 90723",,1,,,Limited Liability Company,NO,https://motus.dot.gov/api/carriers/7213133
8305202,MAGA LOGISTICS LLC,MAGA LOGISTICS LLC,MC64389595,Active,Pending,Active,Motor Carrier of Property (Except Household Goods),Regulated Entity,+1 (312) 686-3836,magastarllc@gmail.com,SANDHYA SUNIL KUMAR,Owner,+1 (312) 686-3836,magastarllc@gmail.com,4849 N MILWAUKEE AVE 700 S,CHICAGO,IL,60630,"4849 N MILWAUKEE AVE 700 S, CHICAGO, IL, 60630",,1,,,Limited Liability Company,NO,https://motus.dot.gov/api/carriers/8305202
6159096,DEBOZE ENTERPRISES INC,DEBOZE ENTERPRISES INC,MC53444718,Active,Pending,Active,Motor Carrier of Property (Except Household Goods),Regulated Entity,+1 (925) 325-1968,debozeenterprisesinc@gmail.com,Juan Gutierrez,Owner,+1 (925) 325-1968,slimjuang1974@gmail.com,9 Shasta Drive,Rio Vista,CA,94571,"9 Shasta Drive, Rio Vista, CA, 94571",,1,,,Corporation (State of Incorporation),NO,https://motus.dot.gov/api/carriers/6159096
2415437,ROCKLAND WHOLESALE & DISTRIBUTORS INC,ROCKLAND WHOLESALE & DISTRIBUTORS INC,MC58419646,Active,Pending,Active,Motor Carrier of Property (Except Household Goods),Motor Carrier (US/Canada),2015290026,rocklandnuts@yahoo.com,AMIR ABDUL REHMAN,PRESIDENT,2015290026,rocklandnuts@yahoo.com,WAGARAW ROAD UNIT # 35 F,FAIR LAWN,NJ,07410,"WAGARAW ROAD UNIT # 35 F, FAIR LAWN, NJ, 07410",0,3,2026-09-30,62388,Other,NO,https://motus.dot.gov/api/carriers/2415437
2119975,UNLIMITED MOVING LLC,UNLIMITED MOVING OUT OF STATE MOVES ONLY,MC764907,Active,Active,Active,Motor Carrier of Household Goods,Motor Carrier (US/Canada),+1 (813) 344-7294,unlimitedmoving.fl@gmail.com,THOMAS DAVIDSON,MGR,+1 (813) 344-7294,unlimitedmoving.fl@gmail.com,8435 EAST ADAMO DR,TAMPA,FL,33619,"8435 E ADAMO DR, TAMPA, FL, 33619-3517",0,3,2026-06-17,199476,Limited Liability Company,NO,https://motus.dot.gov/api/carriers/2119975
7127761,COLEMANZ TRUCKING & HAULING LLC,COLEMANZ TRUCKING & HAULING LLC,MC88188827,Active,Pending,Active,Motor Carrier of Property (Except Household Goods),Motor Carrier (US/Canada),+1 (334) 354-1647,444lovebound@gmail.com,Deadquin Coleman,Owner,+1 (334) 354-1647,444lovebound@gmail.com,7975 EVERETTS LOOP,Mc Calla,AL,35111,"7975 EVERETTS LOOP, Mc Calla, AL, 35111",,0,,,Limited Liability Company,NO,https://motus.dot.gov/api/carriers/7127761
4327242,KBM LOGISTICS LLC,KBM LOGISTICS LLC,MC82592742,Active,Pending,Active,Motor Carrier of Property (Except Household Goods),Motor Carrier (US/Canada),6146207177,kbmllc23@gmail.com,BAKHTIYER KASIMOV,OWNER,6146207177,kbmllc23@gmail.com,145 JANNEY LN,SPRINGBORO,OH,45066,"145 JANNEY LN, SPRINGBORO, OH, 45066",0,1,2026-09-30,1,Other,NO,https://motus.dot.gov/api/carriers/4327242
5250875,Cold Train Logistics LLC,Cold Train Logistics LLC,MC58536618,Active,Pending,Active,Motor Carrier of Property (Except Household Goods),Motor Carrier (US/Canada),+1 (707) 244-9768,coldtrainlogisticsllc1@outlook.com,Amir Gaceri,Owner,+1 (707) 244-9768,coldtrainlogisticsllc1@outlook.com,2281 Lava Ridge Court Suite 200,Roseville,CA,95661,"837 Stawell Drive, Patterson, CA, 95363",,0,,,Limited Liability Company,NO,https://motus.dot.gov/api/carriers/5250875
7470420,BLUE MOON LOGISTICS LTD.,BLUE MOON LOGISTICS LTD.,MC97456603,Active,Pending,Active,Motor Carrier of Property (Except Household Goods),Regulated Entity,+1 (604) 751-1443,gdhillon@bluemoonlogistics.ca,HARJINDER SINGH KAILA,Director_Operations,+1 (604) 751-1443,gdhillon@bluemoonlogistics.ca,173 SAVANNA CLOSE NE,calgary,AB,T3J 0X8,"173 SAVANNA CLOSE NE, calgary, AB, T3J 0X8",,10,,,Corporation (State of Incorporation),NO,https://motus.dot.gov/api/carriers/7470420
7671792,SM2W LOGISTICS LLC,SM2W LOGISTICS LLC,MC54434649,Active,Pending,Active,Motor Carrier of Property (Except Household Goods),Motor Carrier (US/Canada),+1 (248) 915-0006,ops@sm2wlogistics.com,SELVAR GEBRAIL,President,+1 (248) 915-0006,ops@sm2wlogistics.com,3200 E 10 MILE RD,WARREN,MI,48091,"3200 E 10 MILE RD, WARREN, MI, 48091",,1,,,Limited Liability Company,NO,https://motus.dot.gov/api/carriers/7671792
9204012,SHARON G MAYS,PSST DICKENS TRANSPORTER,MC97119869,Active,Pending,Active,Motor Carrier of Property (Except Household Goods),Regulated Entity,+1 (574) 876-7516,sgmays1@gmail.com,SHARON MAYS,Owner,+1 (574) 876-7516,sgmays1@gmail.com,1109 SHERMAN AVE,SOUTH BEND,IN,46616-1540,"1109 SHERMAN AVE, SOUTH BEND, IN, 46616-1540",,1,2026-09-30,,Sole Proprietor,NO,https://motus.dot.gov/api/carriers/9204012
7382676,EMPIRE TRUCKING NYC LLC,EMPIRE TRUCKING NYC LLC,MC52312734,Active,Pending,Active,Motor Carrier of Property (Except Household Goods),Motor Carrier (US/Canada),+1 (347) 693-1872,eantigua1277@gmail.com,EDGAR ANTIGUA,Owner,+1 (347) 693-1872,eantigua1277@gmail.com,13 CEDAR LN,CLOSTER,NJ,07624,"13 CEDAR LN, CLOSTER, NJ, 07624",,0,2026-09-30,,Limited Liability Company,NO,https://motus.dot.gov/api/carriers/7382676
6225894,CJB Freight LLC,CJB Freight LLC,MC51987112,Active,Pending,Active,Motor Carrier of Property (Except Household Goods),Regulated Entity,+1 (954) 696-3668,cjbfreightllc@yahoo.com,Charles Brown,President,+1 (954) 696-3668,cjbfreightllc@yahoo.com,6091 Buckeye Court Apt B,Tamarac,FL,33319-8134,"6091 Buckeye Court Apt B, Tamarac, FL, 33319-8134",,0,,,Limited Liability Company,NO,https://motus.dot.gov/api/carriers/6225894
9834748,SFH Logistics LLC,SFH Logistics LLC,MC86208640,Active,Pending,Active,Motor Carrier of Property (Except Household Goods),Motor Carrier (US/Canada),+1 (919) 519-6506,sfhlogistics1@gmail.com,fiyeri Dirar,Owner,+1 (919) 519-6506,sfhlogistics1@gmail.com,1209 black walnut st,monroe,NC,28112,"1209 black walnut st, monroe, NC, 28112",,1,,,Limited Liability Company,NO,https://motus.dot.gov/api/carriers/9834748
9475586,ASR TRANSLINE INC,ASR TRANSLINE INC,MC48303437,Active,Pending,Active,Motor Carrier of Property (Except Household Goods),Regulated Entity,+1 (317) 603-4720,asrtransline@gmail.com,AKASHDEEP SINGH,President,+1 (317) 603-4720,asrtransline@gmail.com,10116 ARCHES WAY,ELK GROVE,CA,95757,"10116 ARCHES WAY, ELK GROVE, CA, 95757",,1,,,Corporation (State of Incorporation),NO,https://motus.dot.gov/api/carriers/9475586
4288708,MANIGO TRUCKING LLC,MANIGO TRUCKING LLC,MC69150335,Active,Pending,Active,Motor Carrier of Property (Except Household Goods),Motor Carrier (US/Canada),8164192096,manigotrucking072@gmail.com,Abdelhamid Adam,Owner,+1 (816) 419-2096,manigotrucking072@gmail.com,8139 N STODDARD AVE,KANSAS CITY,MO,64152,"8139 N STODDARD AVE, KANSAS CITY, MO, 64152",0,1,2026-10-02,1,Limited Liability Partnership,NO,https://motus.dot.gov/api/carriers/4288708
5207625,PRINCE TRANSPORT XPRESS LLC,PRINCE TRANSPORT XPRESS LLC,MC91346053,Active,Pending,Active,Motor Carrier of Property (Except Household Goods),Motor Carrier (US/Canada),+1 (786) 278-9567,infoprincetransport@gmail.com,ALFREDO PRINCE ALAZO,Owner,+1 (786) 278-9567,infoprincetransport@gmail.com,7411 HOPE ST,HOLLYWOOD,FL,33024,"7411 HOPE ST, HOLLYWOOD, FL, 33024",,0,,,Limited Liability Company,NO,https://motus.dot.gov/api/carriers/5207625
3494474,OSCAR MARQUEZ REYES,BUFFALOS,MC1151234,Active,Inactive,Active,Motor Carrier of Property (Except Household Goods),Motor Carrier (US/Canada),9514792734,diablospowing@yahoo.com,OSCAR MARQUEZ REYES,OWNER,9514792734,diablospowing@yahoo.com,7150 SIEMPRE VIVA RD,SAN DIEGO,CA,92154,"7150 SIEMPRE VIVA RD, SAN DIEGO, CA, 92154",0,2,2026-09-30,30000,Other,NO,https://motus.dot.gov/api/carriers/3494474
6667339,Carmen Kay Transport LLC,Carmen Kay Transport LLC,MC80514404,Active,Pending,Active,Motor Carrier of Property (Except Household Goods),Regulated Entity,+1 (419) 578-8081,cktransport201@gmail.com,AUSTIN HARDY,Owner,+1 (360) 261-5473,cktransport201@gmail.com,812 HILLTOP LN,Toledo,OH,43615,"812 HILLTOP LN, Toledo, OH, 43615",,0,2026-09-30,,Limited Liability Company,NO,https://motus.dot.gov/api/carriers/6667339
5952771,GT ON THE GO TRANSPORTATION & LOGISTICS LLC,GT ON THE GO TRANSPORTATION & LOGISTICS LLC,MC55087773,Active,Pending,Active,Motor Carrier of Property (Except Household Goods),Regulated Entity,+1 (551) 240-1728,torres.c1621@gmail.com,CHRISTINA TORRES,Owner,+1 (551) 240-1728,torres.c1621@gmail.com,44 DALTON PL,EDISON,NJ,08817,"44 DALTON PL, EDISON, NJ, 08817",,0,,,Limited Liability Company,NO,https://motus.dot.gov/api/carriers/5952771
4448096,LEGENDARY TRANSPORTATION LLC,LEGENDARY TRANSPORTATION LLC,MC54561964,Active,Pending,Active,Motor Carrier of Property (Except Household Goods),Motor Carrier (US/Canada),9564827511,solisbeatriz813@gmail.com,BEATRIZ A SOLIS,OWNER,9564827511,solisbeatriz813@gmail.com,5701 SPRINGFIELD AVE,LAREDO,TX,78041,"5701 SPRINGFIELD AVE, LAREDO, TX, 78041",0,0,2026-09-30,1,Other,NO,https://motus.dot.gov/api/carriers/4448096
7093168,MBM TRUCKING LLC,MBM TRUCKING LLC,MC51607824,Active,Pending,Active,Motor Carrier of Property (Except Household Goods),Regulated Entity,+1 (419) 752-0053,martin.burnell885@gmail.com,Burnell Martin,President,+1 (419) 606-1891,martin.burnell885@gmail.com,2736 US Highway 224 E,Greenwich,OH,44837,"2736 US Highway 224 E, Greenwich, OH, 44837",,1,,,Limited Liability Company,NO,https://motus.dot.gov/api/carriers/7093168
5182501,Courier One LLC,Courier One LLC,MC69601780,Active,Active,Active,Motor Carrier of Property (Except Household Goods),Motor Carrier (US/Canada),+1 (361) 361-4884,support@courier1llctx.com,Mohammed Sultan,Owner,+1 (313) 980-7701,moh.sultan82@gmail.com,21419 Ivy Bluff Dr.,Waller,TX,77484,"5900 Balcones Dr., Austin, TX, 78731",,0,,,Limited Liability Company,NO,https://motus.dot.gov/api/carriers/5182501
9063493,Burnell Bizz LLC,Burnell Bizz LLC,MC89812811,Active,Pending,Active,Motor Carrier of Property (Except Household Goods),Regulated Entity,+1 (346) 914-1122,dispatch@burnellbizz.com,sherryl burnell,Owner,+1 (346) 914-1122,dispatch@burnellbizz.com,18623 rock flats ravine dr,katy,TX,77449,"1500 S Dairy Ashford Rd, suite 207, houston, TX, 77077",,0,,,Limited Liability Company,NO,https://motus.dot.gov/api/carriers/9063493
8624331,Damian Bell Guerrero,Damian Bell Guerrero,MC57927924,Active,Pending,Active,Motor Carrier of Property (Except Household Goods),Motor Carrier (US/Canada),+1 (786) 383-5713,wedesohun62@gmail.com,Damian Bell Guerrero,Owner,+1 (786) 383-5713,wedesohun62@gmail.com,311 BROWNING Dr,FORT MYERS,FL,33905,"311 BROWNING Dr, FORT MYERS, FL, 33905",,0,,,Sole Proprietor,NO,https://motus.dot.gov/api/carriers/8624331
9358748,DALAL LOGISTICS INC,DALAL LOGISTICS INC,MC66797507,Active,Pending,Active,Motor Carrier of Property (Except Household Goods),Regulated Entity,+1 (408) 806-6167,dalallogistics41@gmail.com,NO NAME GIVEN SAHIL,President,+1 (408) 806-6167,dalallogistics41@gmail.com,6835 DE SOTO AVE APT 7,CANOGA PARK,CA,91303,"3304 BEAR OAK ST, MANTECA, CA, 95337",,1,,,Corporation (State of Incorporation),NO,https://motus.dot.gov/api/carriers/9358748
5325227,SOMONI LOGISTICS LLC,SOMONI LOGISTICS LLC,MC91458613,Active,Pending,Active,Motor Carrier of Property (Except Household Goods),Regulated Entity,+1 (267) 371-3909,logisticssomoni@gmail.com,NASIBA BOBOKALONOVA,President,+1 (276) 371-3909,logisticssomoni@gmail.com,528 CHATHAM PARK DR,PITTSBURGH,PA,15220,"528 CHATHAM PARK DR, PITTSBURGH, PA, 15220",,1,,,Limited Liability Company,NO,https://motus.dot.gov/api/carriers/5325227
5930657,"Rolling Pressure Hot Shot, LLC","Rolling Pressure Hot Shot, LLC",MC63711749,Active,Pending,Active,Motor Carrier of Property (Except Household Goods),Regulated Entity,+1 (228) 281-0040,rolling-pressure.com@outlook.com,Derrick Hurst,Owner,+1 (228) 281-0040,dhurst220@gmail.com,5912 Meadow Drive,MOSS POINT,MS,39563,"5912 Meadow Drive, MOSS POINT, MS, 39563",,2,,,Limited Liability Company,NO,https://motus.dot.gov/api/carriers/5930657
6034642,MOVEX LOGISTICS INC,MOVEX LOGISTICS INC,MC59410006,Active,Pending,Active,Motor Carrier of Property (Except Household Goods),Regulated Entity,+1 (908) 657-6456,compliance@movexlogisticsinc.com,Johan Lopez De La Rosa,Owner,+1 (908) 657-6456,compliance@movexlogisticsinc.com,101 LARRY HOLMES DR STE 200,Easton,PA,18042,"101 LARRY HOLMES DR STE 200, Easton, PA, 18042",,1,,,Corporation (State of Incorporation),NO,https://motus.dot.gov/api/carriers/6034642
4299253,LEGADO LOGISTICS LLC,LEGADO LOGISTICS LLC,MC93698199,Active,Pending,Active,Motor Carrier of Property (Except Household Goods),Motor Carrier (US/Canada),8062285623,legadologisticsllc@gmail.com,SILVIA NAJERA,MANAGING MEMBER,+1 (806) 228-5623,legadologisticsllc@gmail.com,622 S ETON STREET,PERRYTON,TX,79070,"622 S ETON STREET, PERRYTON, TX, 79070",0,1,2026-09-30,74482,Limited Liability Company,NO,https://motus.dot.gov/api/carriers/4299253
1223387,GREGORY O'DONNELL,GREGORY O'DONNELL,MC56197721,Active,Pending,Active,Motor Carrier of Property (Except Household Goods),Motor Carrier (US/Canada),9144893196,gtr.trucking@yahoo.com,GREGORY O'DONNELL,OWNER,9144893196,gtr.trucking@yahoo.com,51 WILDRICK ROAD,WALLKILL,NY,12589,"51 WILDRICK ROAD, WALLKILL, NY, 12589",0,2,2026-09-30,100000,Other,NO,https://motus.dot.gov/api/carriers/1223387
9220964,CC-PM TRANSPORT LLC,CC-PM TRANSPORT LLC,MC77939530,Active,Pending,Active,Motor Carrier of Property (Except Household Goods),Motor Carrier (US/Canada),+1 (786) 337-1573,ccpmtransport@gmail.com,PAULA MARTINEZ,Operations_Manager,+1 (786) 337-1573,ccpmtransport@gmail.com,2725 W OKEECHOBEE RD APT 36,HIALEAH,FL,33010,"2725 W OKEECHOBEE RD APT 36, HIALEAH, FL, 33010",,0,,,Limited Liability Company,NO,https://motus.dot.gov/api/carriers/9220964
5181366,DOV TRUCKING LLC,DOV TRUCKING LLC,MC61750392,Active,Pending,Active,Motor Carrier of Property (Except Household Goods),Regulated Entity,+1 (411) 466-1836,dovtruckingllc@gmail.com,Maksadjon Akhmedov,CEO,+1 (411) 466-1836,dovtruckingllc@gmail.com,521 KISER ST #A,Dayton,OH,45404,"521 KISER ST #A, DAYTON, OH, 45404",,1,,,Limited Liability Company,NO,https://motus.dot.gov/api/carriers/5181366
6648351,MM PRO TRUCKING LLC,MM PRO TRUCKING LLC,MC55037904,Active,Pending,Active,Motor Carrier of Property (Except Household Goods),Regulated Entity,+1 (786) 824-6612,mmartinez971027@gmail.com,MIGUEL MARTINEZ GONZALEZ,Owner,+1 (786) 824-6612,mmartinez971027@gmail.com,319 N Houston St,HOBBS,NM,88240,"319 N Houston St, HOBBS, NM, 88240",,1,,,Limited Liability Company,NO,https://motus.dot.gov/api/carriers/6648351
9043289,ONTIME CARGO LLC,ONTIME CARGO LLC,MC95540088,Active,Pending,Active,Motor Carrier of Property (Except Household Goods),Motor Carrier (US/Canada),+1 (956) 441-1652,ontimecargollc19@gmail.com,YUSNIEL LOPEZ,President,+1 (956) 441-1652,ontimecargo19@gmail.com,1005 DEL NORTE CIRCLE,LAREDO,TX,78041,"127 DE LEON PARKWAY, LAREDO, TX, 78043",,1,2026-09-30,,Limited Liability Company,NO,https://motus.dot.gov/api/carriers/9043289
8961701,Indestructible Transport & Trucking LLC,Indestructible Transport & Trucking LLC,MC93888255,Active,Pending,Active,Motor Carrier of Property (Except Household Goods),Regulated Entity,+1 (405) 514-3232,ittrucking@hotmail.com,Timothy Traylor,Owner,+1 (405) 514-3232,ittrucking@hotmail.com,2105 South Forum Drive # 3326,Grand Prairie,TX,75052,"2105 South Forum Drive # 3326, Grand Prairie, TX, 75052",,0,,,Limited Liability Company,NO,https://motus.dot.gov/api/carriers/8961701
8122553,"C A B Express, LLC","C A B Express, LLC",MC83356122,Active,Pending,Active,Motor Carrier of Property (Except Household Goods),Regulated Entity,+1 (404) 902-1171,clarencebooker0908@yahoo.com,Clarence Booker,Owner,+1 (404) 902-1171,clarencebooker0908@yahoo.com,5062 Rathwood Circle SW,Powder Springs,GA,30127,"5062 Rathwood Circle SW, Powder Springs, GA, 30127",,0,,,Limited Liability Company,NO,https://motus.dot.gov/api/carriers/8122553
7497777,Bigfoot Heavy and Medium Duty Towing LLC,Bigfoot Heavy and Medium Duty Towing LLC,MC75207924,Active,Pending,Active,Motor Carrier of Property (Except Household Goods),Regulated Entity,+1 (909) 333-9107,bigfootheavytowing@gmail.com,JOSE ORTEGA,CEO,+1 (909) 333-9107,bigfootheavytowing@gmail.com,4981 State st,Montclair,CA,91763,"4981 State st, Montclair, CA, 91763",,1,,,Limited Liability Company,NO,https://motus.dot.gov/api/carriers/7497777
5553737,JAYDEN STAR LOGISTICS INC,JAYDEN STAR LOGISTICS INC,MC87420215,Active,Pending,Active,Motor Carrier of Property (Except Household Goods),Motor Carrier (US/Canada),+1 (661) 374-9108,info@jaydenstarlogistics.com,JHOSYBEL VILLANUEVA CASTRO,President,+1 (661) 374-9108,info@jaydenstarlogistics.com,8114 CAPITAN DR,BAKERSFIELD,CA,93313,"8114 CAPITAN DR, BAKERSFIELD, CA, 93313",,1,,,Corporation (State of Incorporation),NO,https://motus.dot.gov/api/carriers/5553737
8843161,"Willie's Transport, LLC","Willie's Transport, LLC",MC86094359,Inactive,Inactive,Inactive,Motor Carrier of Property (Except Household Goods),Regulated Entity,+1 (515) 491-9411,wtllc2026@outlook.com,Shelly Williams,Owner,+1 (515) 491-9411,wtllc2026@outlook.com,804 7th St.,GRUNDY CENTER,IA,50638-1402,"804 7th St., GRUNDY CENTER, IA, 50638-1402",,0,,,Limited Liability Company,NO,https://motus.dot.gov/api/carriers/8843161
5723550,Cargo-Mez LLC,Cargo-Mez LLC,MC72332793,Active,Pending,Active,Motor Carrier of Property (Except Household Goods),Regulated Entity,+1 (404) 938-8298,gomezkhoy800@gmail.com,Khoy Gomez,Owner,+1 (770) 802-3212,gomezkhoy800@gmail.com,2436 Stone Dr,Lilburn,GA,30047,"2436 Stone Dr, Lilburn, GA, 30047",,0,,,Limited Liability Company,NO,https://motus.dot.gov/api/carriers/5723550
2912338,ROCKER'S AUTOMOTIVE RESCUE INC,ROCKER'S AUTOMOTIVE RESCUE INC,MC95587689,Active,Pending,Active,Motor Carrier of Property (Except Household Goods),Motor Carrier (US/Canada),3152804332,rockersautomotiverescue@gmail.com,BILLY ROCKER,OWNER,3152804332,rockersautomotiverescue@gmail.com,5056 SPRING RD,VERONA,NY,13478,"5056 SPRING RD, VERONA, NY, 13478",0,5,2026-09-30,6000,Other,NO,https://motus.dot.gov/api/carriers/2912338
8903093,Ej reliable logistics LLC,Ej reliable logistics LLC,MC50223554,Active,Pending,Active,Motor Carrier of Property (Except Household Goods),Motor Carrier (US/Canada),+1 (225) 432-4369,ejreliablelogisticsllc@gmail.com,Erin Nealond,Owner,+1 (225) 432-4369,nealonderin@gmail.com,17232 Jefferson Hwy Apt 312,Baton Rouge,LA,70817,"17232 Jefferson Hwy Apt 312, Baton Rouge, LA, 70817",,0,,,Limited Liability Company,NO,https://motus.dot.gov/api/carriers/8903093
5105471,LA Legacy Logistics LLC.,LA Legacy Logistics LLC.,MC80115324,Active,Pending,Active,Motor Carrier of Property (Except Household Goods),Regulated Entity,+1 (856) 562-3761,lalegacyllc@gmail.com,Louis Tiller,Owner,+1 (856) 562-3761,lalegacylogistics@outlook.com,323 walnut st,Williamstown,NJ,08094,"323 walnut st, Williamstown, NJ, 08094",,0,2026-10-05,5000,Limited Liability Company,NO,https://motus.dot.gov/api/carriers/5105471
9363691,P31 LOGISTICS LLC,P31 LOGISTICS LLC,MC68835708,Active,Pending,Active,Motor Carrier of Property (Except Household Goods),Motor Carrier (US/Canada),+1 (201) 494-0333,plogistics31llc@gmail.com,Riannet Garcia De La Cruz,Owner,+1 (201) 494-0333,plogistics31llc@gmail.com,3464 Dahlia Dr,Haines City,FL,33844,"3464 Dahlia Dr, Haines City, FL, 33844",,0,,,Limited Liability Company,NO,https://motus.dot.gov/api/carriers/9363691
8668162,CARBONELL TRANSPORT LLC,CARBONELL TRANSPORT LLC,MC79903565,Active,Pending,Active,Motor Carrier of Property (Except Household Goods),Motor Carrier (US/Canada),+1 (772) 251-8366,rociocarbonell2022@gmail.com,ROCIO CARBONELL BATISTA,Operations_Manager,+1 (772) 251-8366,rociocarbonell2022@gmail.com,8213 N HUBERT AVE,TAMPA,FL,33614,"8213 N HUBERT AVE, TAMPA, FL, 33614",,0,,,Limited Liability Company,NO,https://motus.dot.gov/api/carriers/8668162
1606114,SCHWADA BUILDERS INC,SCHWADA BUILDERS INC,MC58073577,Active,Pending,Active,Motor Carrier of Property (Except Household Goods),Shipper,5735884079,mcrawford.sbi@yahoo.com,LINDSEY PEROTTI,SECRETARY,5735884079,mcrawford.sbi@yahoo.com,PO BOX 487,SHELBINA,MO,63468,"630 WEST ELM, SHELBINA, MO, 63468",0,2,2026-09-30,126000,Other,NO,https://motus.dot.gov/api/carriers/1606114
4914321,FHX TRANSPORTATION LLC,FHX TRANSPORTATION LLC,MC83683098,Active,Pending,Active,Motor Carrier of Property (Except Household Goods),Regulated Entity,+1 (411) 353-0865,contact@fhxtransportationllc.com,Ozodakhon Zokirjonova,CEO,+1 (411) 353-0865,contact@fhxtransportationllc.com,2100 S ILLINOIS ST,BELLEVILLE,IL,62220,"2100 S ILLINOIS ST, BELLEVILLE, IL, 62220",,1,,,Limited Liability Company,NO,https://motus.dot.gov/api/carriers/4914321
6354954,PC TRUCKLINE INC.,PC TRUCKLINE INC.,MC73399110,Active,Pending,Active,Motor Carrier of Property (Except Household Goods),Motor Carrier (US/Canada),+1 (437) 908-1000,dispatch@pctruckline.com,PARMJIT CHAHAL,President,+1 (437) 908-1000,dispatch@pctruckline.com,79 WHITWELL DR,BRAMPTON,ON,L6P 1E5,"79 WHITWELL DR, BRAMPTON, ON, L6P 1E5",,1,,,Corporation (State of Incorporation),NO,https://motus.dot.gov/api/carriers/6354954
7531632,Iron Eagles Logistics LLC,Iron Eagles Logistics LLC,MC89736320,Active,Pending,Active,Motor Carrier of Property (Except Household Goods),Motor Carrier (US/Canada),+1 (203) 919-2890,ironeagleslogistics@gmail.com,Jesus Alvarado-Sampayo,Owner,+1 (203) 919-2890,ironeagleslogistics@gmail.com,155 CEDAR STREET,New Haven,CT,06519,"155 CEDAR STREET, New Haven, CT, 06519",,3,,,Limited Liability Company,NO,https://motus.dot.gov/api/carriers/7531632
4245999,RELENTLESS TRUCKING LLC,RELENTLESS TRUCKING LLC,MC60100060,Inactive,Pending,Inactive,Motor Carrier of Property (Except Household Goods),Motor Carrier (US/Canada),3233139082,aj.nunez25@gmail.com,ARTURO NUNEZ,OWNER,3233139082,arturo@relentlesslogix.com,10961 desert lawn dr #26,calimesa,CA,92320,"10961 desert lawn dr #26, calimesa, CA, 92320",0,1,2026-09-30,0,Limited Liability Company,NO,https://motus.dot.gov/api/carriers/4245999
7021607,D AND S IMPROVEMENTS LLC,D AND S IMPROVEMENTS LLC,MC73841061,Active,Pending,Active,Motor Carrier of Property (Except Household Goods),Motor Carrier (US/Canada),+1 (937) 478-7517,dandsimprovements@aol.com,sydney woodruff,Owner,+1 (937) 478-7517,dandsimprovements@aol.com,55 Margaret st,Dayton,OH,45410,"55 Margaret st, Dayton, OH, 45410",,0,,,Limited Liability Company,NO,https://motus.dot.gov/api/carriers/7021607
9971544,Raygal Trucking LLC,Raygal Trucking LLC,MC91732086,Active,Pending,Active,Motor Carrier of Property (Except Household Goods),Regulated Entity,+1 (612) 701-2984,raygaltrucking106@gmail.com,Samir Hashi,Owner,+1 (612) 701-2984,raygaltrucking106@gmail.com,743 N Thompson DR APT 108,Madison,WI,53704,"743 N Thompson DR APT 108, Madison, WI, 53704",,1,,,Limited Liability Company,NO,https://motus.dot.gov/api/carriers/9971544
6547112,JLRO Trucking LLC,JLRO Trucking LLC,MC98720850,Active,Pending,Active,Motor Carrier of Property (Except Household Goods),Regulated Entity,+1 (682) 371-8162,dispatchrojasl18@gmail.com,JORGE LUIS ROJAS OLA,Owner,+1 (682) 371-8162,dispatchrojasl18@gmail.com,PO BOX 931,RED OAK,TX,75154,"4549 Forest Glen Dr, Fort Worth, TX, 76119",,1,,,Limited Liability Company,NO,https://motus.dot.gov/api/carriers/6547112
4138564,RAMOS RIVERA LLC,RAMOS RIVERA LLC,MC57098045,Active,Pending,Active,Motor Carrier of Property (Except Household Goods),Motor Carrier (US/Canada),5105899783,universalautocentersl@yahoo.com,OLGA PATRICIA RAMOS,OWNER,5105899783,universalautocentersl@yahoo.com,1251 MICHAELTIN CT,MANTECA,CA,95336-6227,"1251 MICHAELTIN CT, MANTECA, CA, 95336-6227",0,0,2026-09-30,0,Other,NO,https://motus.dot.gov/api/carriers/4138564
9442809,DRJ Trans LLC,DRJ Trans LLC,MC65091830,Active,Pending,Active,Motor Carrier of Property (Except Household Goods),Motor Carrier (US/Canada),+1 (330) 348-4793,drjtransllc80@gmail.com,Yunus Rasul,Owner,+1 (330) 348-4793,drjtransllc80@gmail.com,212 BOULDER BLVD,PENINSULA,OH,44264,"212 BOULDER BLVD, PENINSULA, OH, 44264",,0,,,Limited Liability Company,NO,https://motus.dot.gov/api/carriers/9442809
7078230,Utah Recreation Rentals LLC,Utah Recreation Rentals LLC,MC92567714,Active,Pending,Active,Motor Carrier of Property (Except Household Goods),Motor Carrier (US/Canada),+1 (435) 922-1600,utahrecreationrental@gmail.com,Joseph Arave,Manager,+1 (435) 922-1600,utahrecreationrental@gmail.com,25 W Telegraph St Unit 142,Washington,UT,84780,"25 W Telegraph St Unit 142, Washington, UT, 84780",,1,,,Limited Liability Company,NO,https://motus.dot.gov/api/carriers/7078230
8029193,JBJ FREIGHT SOLUTIONS LLC,JBJ FREIGHT SOLUTIONS LLC,MC61916958,Active,Pending,Active,Motor Carrier of Property (Except Household Goods),Motor Carrier (US/Canada),+1 (346) 363-8674,jbjfreightsolutions@gmail.com,JAMES JACKSON,Owner,+1 (346) 363-8674,jbjfreightsolutions@gmail.com,3125 JIPSIE LN,HOUSTON,TX,77051,"3125 JIPSIE LN, HOUSTON, TX, 77051",,1,,,Limited Liability Company,NO,https://motus.dot.gov/api/carriers/8029193
9117065,JCW SERVICE LLC,JCW SERVICE LLC,MC68213380,Active,Pending,Active,Motor Carrier of Property (Except Household Goods),Motor Carrier (US/Canada),+1 (512) 627-3624,info@jcwservice.com,Jordan Washington,President,+1 (512) 627-8568,jcwash96@gmail.com,5922 Principale Dr,Pflugerville,TX,78660,"5922 Principale Dr, Pflugerville, TX, 78660",,0,,,Limited Liability Company,NO,https://motus.dot.gov/api/carriers/9117065
6186578,NBT Transportation LLC,NBT Transportation LLC,MC51268100,Active,Pending,Active,Motor Carrier of Property (Except Household Goods),Regulated Entity,+1 (603) 877-8077,info@nbttransportation.com,Jacqueline Benedict,Owner,+1 (701) 648-9158,info@nbttransportation.com,75 S Main St Unit 7 #297,Concord,NH,03301,"106 S Rd, Newbury, NH, 03255",,1,,,Limited Liability Company,NO,https://motus.dot.gov/api/carriers/6186578
7735564,Frela Trucking LLC,Frela Trucking LLC,MC86254675,Active,Pending,Active,Motor Carrier of Property (Except Household Goods),Regulated Entity,+1 (206) 475-2670,frelatrucking@gmail.com,Finas Habte,Owner,+1 (206) 475-2670,frelatrucking@gmail.com,25806 178th PL SE,Convington,WA,98042,"25806 178th PL SE, Convington, WA, 98042",,1,,,Limited Liability Company,NO,https://motus.dot.gov/api/carriers/7735564
7342068,PRIMEWAY TRANSPORTATION LLC,PRIMEWAY TRANSPORTATION LLC,MC71343940,Active,Pending,Active,Motor Carrier of Property (Except Household Goods),Regulated Entity,+1 (313) 930-3744,primewaytrans1@gmail.com,RAMI HAIDAR,Owner,+1 (313) 930-3744,primewaytrans1@gmail.com,8360 OPAL DRIVE,WESTLAND,MI,48185,"8360 OPAL DRIVE, WESTLAND, MI, 48185",,1,,,Limited Liability Company,NO,https://motus.dot.gov/api/carriers/7342068
2953707,NAD AUTO REPAIR CORP,NAD AUTO REPAIR CORP,MC51251136,Active,Pending,Active,Motor Carrier of Property (Except Household Goods),Motor Carrier (US/Canada),3475314407,nanbla7@aol.com,DEONARINE NANDLALL,MANAGER,3475314407,nanbla7@aol.com,175-08 LIBERTY AVE,JAMAICA,NY,11433-2933,"175-08 LIBERTY AVE, JAMAICA, NY, 11433-2933",0,1,2026-09-30,12000,Corporation (State of Incorporation),NO,https://motus.dot.gov/api/carriers/2953707
7120173,Caravan Express Inc,Caravan Express Inc,MC72385362,Active,Active,Active,Motor Carrier of Property (Except Household Goods),Regulated Entity,+1 (615) 491-0848,admin@caravanexpressinc.com,THADDEUS LOCKRIDGE,Owner,+1 (615) 491-0848,admin@caravanexpressinc.com,3200 WEST END AVE STE 500,NASHVILLE,TN,37203-1322,"3200 WEST END AVE STE 500, NASHVILLE, TN, 37203-1322",,1,,,Corporation (State of Incorporation),NO,https://motus.dot.gov/api/carriers/7120173
7244030,JW Tull Contracting Services,JW Tull Contracting Services,MC66154505,Active,Pending,Active,Motor Carrier of Property (Except Household Goods),Motor Carrier (US/Canada),+1 (302) 494-8179,info@jwtull.com,Jason Tull,Owner,+1 (302) 416-2658,jtull@jwtull.com,1203 philadelphia pike,wilmington,DE,19809,"1203 philadelphia pike, wilmington, DE, 19809",,1,,,Limited Liability Company,NO,https://motus.dot.gov/api/carriers/7244030
8306621,BLACC BEARD LOGISTICS LLC,BLACC BEARD LOGISTICS LLC,FF49772819,Pending,Withdrawn,Pending,Freight Forwarder of Property (Except Household Goods),Motor Carrier (US/Canada),+1 (919) 338-5035,trucking@blaccbeardlogistics.com,Brian Laing,Owner,+1 (919) 338-5035,trucking@blaccbeardlogistics.com,6217 SAYBROOKE DR,RALEIGH,NC,27604-1275,"6217 SAYBROOKE DR, RALEIGH, NC, 27604-1275",,0,,,Limited Liability Company,NO,https://motus.dot.gov/api/carriers/8306621
5875024,RHYTHM LOGISTICS LLC,RHYTHM LOGISTICS LLC,MC57869451,Active,Pending,Active,Motor Carrier of Property (Except Household Goods),Regulated Entity,+1 (425) 876-7703,shekhersaini2009@gmail.com,Baljit Kumari,Owner,+1 (425) 876-7703,shekhersaini2009@gmail.com,14031 11TH PL W,LYNNWOOD,WA,98087-6066,"14031 11TH PL W, LYNNWOOD, WA, 98087-6066",,1,,,Limited Liability Company,NO,https://motus.dot.gov/api/carriers/5875024
7825647,KSR EXPEDITED FREIGHT LLC,KSR EXPEDITED FREIGHT LLC,MC84684259,Active,Pending,Active,Motor Carrier of Property (Except Household Goods),Regulated Entity,+1 (954) 200-0698,ksrexpeditedfreightllc@yahoo.com,Jorge Diaz Gonzalez,Owner,+1 (954) 200-0698,dz293134@gmail.com,2091 SW Kimberly Ave,Port Saint Lucie,FL,34953,"2091 SW Kimberly Ave, Port Saint Lucie, FL, 34953",,0,2026-09-30,,Limited Liability Company,NO,https://motus.dot.gov/api/carriers/7825647
8767143,BWJABARI LLC,BWJABARI LLC,MC54894375,Active,Pending,Active,Motor Carrier of Property (Except Household Goods),Regulated Entity,+1 (414) 499-5467,mtj8171987@gmail.com,Mohammad Aljabari,Owner,+1 (414) 499-5467,mtj8171987@gmail.com,8500 S SPRINGBROOK BLVD Apt 215,OAK CREEK,WI,53154-2963,"8500 S SPRINGBROOK BLVD Apt 215, OAK CREEK, WI, 53154-2963",,0,,,Limited Liability Company,NO,https://motus.dot.gov/api/carriers/8767143
8545812,APEX TRANSPORTATION AND LOGISTICS LLC,APEX TRANSPORTATION AND LOGISTICS LLC,MC52777630,Active,Pending,Active,Motor Carrier of Property (Except Household Goods),Motor Carrier (US/Canada),+1 (850) 774-1527,apextranslogisticsllc@gmail.com,JOSE FERNANDEZ SANTIESTEBAN,Owner,+1 (850) 774-1527,apextranslogisticsllc@gmail.com,9015 BANYAN BEACH DR,Panama city,FL,32408,"9015 BANYAN BEACH DR, Panama city, FL, 32408",,0,,,Limited Liability Company,NO,https://motus.dot.gov/api/carriers/8545812
6914183,HOPLINE TRANSFERS INC,HOPLINE TRANSFERS INC,MC75729060,Active,Pending,Active,Motor Carrier of Property (Except Household Goods),Motor Carrier (US/Canada),+1 (917) 984-6504,hopline.transfers.inc@gmail.com,IVAN KAVKA,President,+1 (917) 984-6504,hopline.transfers.inc@gmail.com,6411 19TH AVE FL 2ND,BROOKLYN,NY,11204,"6411 19TH AVE FL 2ND, BROOKLYN, NY, 11204",,0,,,Corporation (State of Incorporation),NO,https://motus.dot.gov/api/carriers/6914183
2840066,RYKRO ENTERPRISE LLC,PEBBLE CREEK,MC87579642,Active,Pending,Active,Motor Carrier of Property (Except Household Goods),Motor Carrier (US/Canada),7068692957,ryan.pebblecreek@gmail.com,APRIL KROGER,ASSISTANT,7068692957,ryan.pebblecreek@gmail.com,2248 WILLIAM FEW PKWY,EVANS,GA,30809-7212,"2248 WILLIAM FEW PKWY, EVANS, GA, 30809-7212",0,4,2026-09-30,150000,Other,NO,https://motus.dot.gov/api/carriers/2840066
9016900,BLUE CORD DELIVERY LLC,BLUE CORD DELIVERY LLC,MC53872148,Active,Pending,Active,Motor Carrier of Property (Except Household Goods),Regulated Entity,+1 (360) 500-9061,bluecorddelivery@gmail.com,JASON PARKER,Owner,+1 (360) 500-9061,bluecorddelivery@gmail.com,PO Box 440,Elma,WA,98541,"4 Fairbairn Rd S, Montesano, WA, 98563",,0,,,Limited Liability Company,NO,https://motus.dot.gov/api/carriers/9016900
9004542,Richard J Flood III LLC,Richard J Flood III Trucking,MC48106831,Active,Pending,Active,Motor Carrier of Property (Except Household Goods),Regulated Entity,+1 (863) 610-1339,flood_rick@yahoo.com,Richard Flood,Owner,+1 (863) 610-1339,flood_rick@yahoo.com,4105 US 27 s lot 83,Sebring,FL,33870,"4105 US 27 s lot 83, Sebring, FL, 33870",,1,,,Limited Liability Company,NO,https://motus.dot.gov/api/carriers/9004542
9777803,Super Swings Llc,Super Swings Llc,MC66086260,Active,Pending,Active,Motor Carrier of Property (Except Household Goods),Regulated Entity,+1 (856) 500-7251,jllanos2884@icloud.com,Jenxys Llanos Otero,Owner,+1 (856) 500-7251,jllanos2884@icloud.com,119 S.East Ave Apt 1,Vineland,NJ,08360,"119 S.East Ave Apt 1, Vineland, NJ, 08360",,1,,,Limited Liability Company,NO,https://motus.dot.gov/api/carriers/9777803
4377061,MILAN TRUCKING LLC,MILAN TRUCKING LLC,MC64835630,Active,Pending,Active,Motor Carrier of Property (Except Household Goods),Motor Carrier (US/Canada),+1 (720) 385-6180,milantruckingllc26@gmail.com,JASMIN MILAN,OWNER,7207558399,cdalvarado321@gmail.com,907 S REED ST,LAKEWOOD,CO,80226,"907 S REED ST, LAKEWOOD, CO, 80226",0,0,2026-09-30,0,Limited Liability Company,NO,https://motus.dot.gov/api/carriers/4377061
2120034,A FALERO TRUCKING INC,A FALERO TRUCKING INC,MC66872191,Active,Pending,Active,Motor Carrier of Property (Except Household Goods),Shipper,3056659196,,CARIDAD A. FALERO,OWNER,3056659196,,10420 SW 77TH AVE SUITE 202,PINECREST,FL,33156,"10420 SW 77TH AVE SUITE 202, PINECREST, FL, 33156",0,55,2026-09-30,1403210,Other,NO,https://motus.dot.gov/api/carriers/2120034
4570532,TC'S TRUCKING LLC,TC'S TRUCKING LLC,MC89262630,Active,Active,Active,Motor Carrier of Property (Except Household Goods),Motor Carrier (US/Canada),3195510762,trishaclinton3@gmail.com,TRISHA CLINTON,OWNER,3195510762,trishaclinton3@gmail.com,2841 HENRY CT NW,CEDAR RAPIDS,IA,52405-2953,"2841 HENRY CT NW, CEDAR RAPIDS, IA, 52405",0,0,2026-09-30,0,Other,NO,https://motus.dot.gov/api/carriers/4570532
9251708,ELLISON LOADING LLC,ELLISON LOADING LLC,MC71544727,Active,Pending,Active,Motor Carrier of Property (Except Household Goods),Regulated Entity,+1 (937) 207-6548,ellisonloading@gmail.com,Cass ellison,Owner,+1 (937) 207-6548,ellisonloading@gmail.com,523 Knickerbocker Ave,Springfield,OH,45506,"523 Knickerbocker Ave, Springfield, OH, 45506",,0,,,Limited Liability Company,NO,https://motus.dot.gov/api/carriers/9251708
7662017,17986467 CANADA INC.,V-CAN TRUCKING,MC83329936,Active,Pending,Active,Motor Carrier of Property (Except Household Goods),Regulated Entity,+1 (647) 355-8796,vcanoperations@yahoo.com,CHARANPREET KAUR,President,+1 (647) 355-8796,vcanoperations@yahoo.com,29 DIVINITY CIR,BRAMPTON,ON,L7A 3Y3,"29 DIVINITY CIR, BRAMPTON, ON, L7A 3Y3",,25,,,Corporation (State of Incorporation),NO,https://motus.dot.gov/api/carriers/7662017
8272521,Akarma Transport LlC,Akarma Transport LlC,MC70454381,Active,Pending,Active,Motor Carrier of Property (Except Household Goods),Regulated Entity,+1 (864) 238-6567,kbutler@akarmatransport.co.site,Kenyada Butler,Owner,+1 (864) 636-7758,kenyadabutler@gmail.com,204 brooks pointe circle,Travelers rest,SC,29690,"500 E MCBEE AVE STE 100, GREENVILLE, SC, 29601-5303",,1,,,Limited Liability Company,NO,https://motus.dot.gov/api/carriers/8272521
5255835,Global Given LLC,Global Given LLC,MC98726829,Active,Pending,Active,Motor Carrier of Property (Except Household Goods),Motor Carrier (US/Canada),+1 (302) 345-8956,globalgiven1@gmail.com,Rene Givens,Owner,+1 (302) 345-8956,thagivensfamily@gmail.com,6 Connell Cir,Newark,DE,19711,"6 Connell Cir, Newark, DE, 19711",,1,2026-09-30,,Limited Liability Company,NO,https://motus.dot.gov/api/carriers/5255835
8870141,LOVE TRUCKS INC,LOVE TRUCKS INC,MC65767008,Active,Pending,Active,Motor Carrier of Property (Except Household Goods),Motor Carrier (US/Canada),+1 (209) 470-6846,lovetrucksinc@gmail.com,PALWINDER SINGH,President,+1 (209) 470-6846,lovetrucksinc@gmail.com,380 N Linden Ave APT 1404,Rialto,CA,92376,"380 N Linden Ave APT 1404, Rialto, CA, 92376",,1,,,Corporation (State of Incorporation),NO,https://motus.dot.gov/api/carriers/8870141
9904007,New England Excavating LLC,New England Excavating LLC,MC87082876,Active,Pending,Active,Motor Carrier of Property (Except Household Goods),Regulated Entity,+1 (401) 572-0272,trent@newenglandexcavating.com,Trent Kellum,Owner,+1 (401) 572-0272,trent@newenglandexcavating.com,248 Vaucluse Ave,Middletown,RI,02842,"248 Vaucluse Ave, Middletown, RI, 02842",,1,,,Partnership,NO,https://motus.dot.gov/api/carriers/9904007
6572829,JPG TRANSPORTS LLC,JPG TRANSPORTS LLC,MC61076728,Active,Pending,Active,Motor Carrier of Property (Except Household Goods),Motor Carrier (US/Canada),+1 (480) 952-6896,priscilasilva86@live.com,PRISCILA GARCIA,Owner,+1 (480) 952-6896,priscilasilva96@live.com,8735 DUNWOODY PLACE STE N,ATLANTA,GA,30350,"5070 PEACHTREE BLVD UNIT 1218, ATLANTA, GA, 30341-2881",,0,,,Sole Proprietor,NO,https://motus.dot.gov/api/carriers/6572829
4545542,UNITED HIGHWAY LOGISTICS LLC,UNITED HIGHWAY LOGISTICS LLC,MC81453793,Active,Pending,Active,Motor Carrier of Property (Except Household Goods),Motor Carrier (US/Canada),2099266837,unitedhighwaylogistics93@gmail.com,TARSEM SINGH,PRESIDENT,2099266837,unitedhighwaylogistics93@gmail.com,3471 HOOPWOOD DR,MANTECA,CA,95337,"3471 HOOPWOOD DR, MANTECA, CA, 95337",0,1,2026-09-30,95862,Limited Liability Company,NO,https://motus.dot.gov/api/carriers/4545542
5463253,"LORVE & LEX, LLC","LORVE & LEX, LLC",MC91458390,Active,Pending,Active,Motor Carrier of Property (Except Household Goods),Regulated Entity,+1 (904) 418-3082,lorveandlexllc@gmail.com,JEAN ALEXANDRE,Owner,+1 (904) 418-3082,lorveandlexllc@gmail.com,8435 WATERMILL BLVD,JACKSONVILLE,FL,32244,"8435 WATERMILL BLVD, JACKSONVILLE, FL, 32244",,1,,,Limited Liability Company,NO,https://motus.dot.gov/api/carriers/5463253
6190158,MTP Transportation LLC,MTP Transportation LLC,MC48125787,Inactive,Inactive,Inactive,Motor Carrier of Property (Except Household Goods),Regulated Entity,+1 (219) 420-9161,mtptransportation2026@gmail.com,Latish Parker,Owner,+1 (219) 420-9161,mtptransportation2026@gmail.com,5490 Fillmore St,Merrillville,IN,46410,"5490 Fillmore St, Merrillville, IN, 46410",,1,,,Limited Liability Company,NO,https://motus.dot.gov/api/carriers/6190158
4671142,Gempoint LLC,Gempoint LLC,MC71910167,Active,Pending,Active,Motor Carrier of Property (Except Household Goods),Regulated Entity,+1 (201) 320-3264,gempointtrucking@gmail.com,Emily Amenya,Owner,+1 (551) 200-2461,gempointtrucking@gmail.com,12986 CORDELLERA LANE,FRISCO,TX,75035,"12986 CORDELLERA LANE, FRISCO, TX, 75035",,0,,,Limited Liability Company,NO,https://motus.dot.gov/api/carriers/4671142
5568993,Doorstep Brothers LLC,Doorstep Brothers LLC,MC79104994,Active,Pending,Active,Motor Carrier of Property (Except Household Goods),Motor Carrier (US/Canada),+1 (315) 383-4531,khuang3780@gmail.com,Kuo Huang,Owner,+1 (315) 383-4531,khuang3780@gmail.com,7 114th Street,TROY,NY,12182,"7 114th Street, TROY, NY, 12182",,0,,,Limited Liability Company,NO,https://motus.dot.gov/api/carriers/5568993
7264448,DA Direct Solutions LLC,DA Direct Solutions LLC,MC60738026,Active,Pending,Active,Motor Carrier of Property (Except Household Goods),Regulated Entity,+1 (469) 324-8808,info@dadirectsolutions.org,Dimitrieus Rose,Owner,+1 (254) 345-6529,dimitrieusrose77@gmail.com,9304 Forest Ln Ste 206 PMB 511,Dallas,TX,75243,"3505 Joyce Lane, Killeen, TX, 76549",,1,,,Limited Liability Company,NO,https://motus.dot.gov/api/carriers/7264448
4821030,BSOT Logistics and More LLC,BSOT Logistics and More LLC,MC90004972,Active,Pending,Active,Motor Carrier of Property (Except Household Goods),Regulated Entity,+1 (951) 234-4502,bsotlogistics@gmail.com,Aiden Arriaza,Owner,+1 (951) 595-1529,bsotlogistics@gmail.com,1428 Rollingwood Street,Beaumont,CA,92223,"1428 Rollingwood Street, Beaumont, CA, 92223",,2,,,Limited Liability Company,NO,https://motus.dot.gov/api/carriers/4821030
4436674,PICAYUNE LANDSCAPING SUPPLY LLC,PICAYUNE LANDSCAPING SUPPLY LLC,MC66085102,Active,Pending,Active,Motor Carrier of Property (Except Household Goods),Motor Carrier (US/Canada),9859602660,jbindewald@bmcba.com,JOHN BINDEWALD,MEMBER,9859602660,jbindewald@bmcba.com,100 STREET A STE D,PICAYUNE,MS,39466-5459,"1615 HWY 11 S, PICAYUNE, MS, 39466-8363",0,10,2026-09-30,15000,Limited Liability Company,NO,https://motus.dot.gov/api/carriers/4436674
5107341,3I-ATLAS Transportation LLC,3I-ATLAS Transportation LLC,MC64370594,Active,Pending,Active,Motor Carrier of Property (Except Household Goods),Regulated Entity,+1 (973) 805-0300,3iatlascontractor@gmail.com,CESAR LARANCUENT,Owner,+1 (973) 805-0300,3iatlascontractor@gmail.com,3241 YORKTOWN DR,FOREST HILL,TX,76140,"3241 YORKTOWN DR, FOREST HILL, TX, 76140",,1,,,Limited Liability Company,NO,https://motus.dot.gov/api/carriers/5107341
8077827,Monegro cargo van llc,Monegro cargo van llc,MC90105626,Active,Pending,Active,Motor Carrier of Property (Except Household Goods),Regulated Entity,+1 (704) 622-9880,monegro70@hotmail.com,Marisol Monegro,Owner,+1 (704) 622-9880,monegro70@hotmail.com,4205 plato cr,Charlotte,NC,28208,"4205 plato cr, Charlotte, NC, 28208",,0,,,Limited Liability Company,NO,https://motus.dot.gov/api/carriers/8077827
4576504,EXPRESS PRIME INC,EXPRESS PRIME INC,MC61563696,Active,Pending,Active,Motor Carrier of Property (Except Household Goods),Motor Carrier (US/Canada),5594889180,expressprime.inc@gmail.com,NO NAME GIVEN GAGANDEEP,PRESIDENT,5594889180,expressprime.inc@gmail.com,515 S 7TH ST,FOWLER,CA,93625-2618,"515 S 7TH ST, FOWLER, CA, 93625",0,1,2026-09-30,0,Other,NO,https://motus.dot.gov/api/carriers/4576504
6177064,ARLO EXPRESS LLC,ARLO EXPRESS LLC,MC46643857,Active,Pending,Active,Motor Carrier of Property (Except Household Goods),Motor Carrier (US/Canada),+1 (901) 340-9628,arloexpress7@gmail.com,DAVID HYDE,Owner,+1 (901) 340-9628,arloexpress7@gmail.com,9832 Allen Pkwy S,OLIVE BRANCH,MS,38654,"9832 Allen Pkwy S, OLIVE BRANCH, MS, 38654",,0,,,Limited Liability Company,NO,https://motus.dot.gov/api/carriers/6177064
5771814,AJA AUTO TRANSPORT INC,AJA AUTO TRANSPORT INC,MC76313860,Active,Pending,Active,Motor Carrier of Property (Except Household Goods),Regulated Entity,+1 (773) 410-3276,amirissaq10@gmail.com,Amir Issaq,President,+1 (773) 410-3276,amirissaq10@gmail.com,5007 JARVIS AVE,SKOKIE,IL,60077,"5007 JARVIS AVE, SKOKIE, IL, 60077",,1,,,Corporation (State of Incorporation),NO,https://motus.dot.gov/api/carriers/5771814
7611041,DED LINE LLC,DED LINE LLC,MC94949159,Active,Pending,Active,Motor Carrier of Property (Except Household Goods),Regulated Entity,+1 (971) 266-7028,dedlinellc@gmail.com,ESEN USENBEKOV,President,+1 (971) 266-7028,dedlinellc@gmail.com,816 POMEROON APT 206,NAPERVILLE,IL,60540,"816 POMEROON APT 206, NAPERVILLE, IL, 60540",,1,,,Limited Liability Company,NO,https://motus.dot.gov/api/carriers/7611041
8100269,Jireh Solutions Inc,Jireh Solutions Inc,MC67476667,Active,Pending,Active,Motor Carrier of Property (Except Household Goods),Motor Carrier (US/Canada),+1 (323) 458-9686,jirehsolutions6@gmail.com,HECTOR GARCIA,CEO,+1 (323) 458-9686,jirehsolutions6@gmail.com,1743 WEST 79TH STREET,LOS ANGELES,CA,90047,"1743 WEST 79TH STREET, LOS ANGELES, CA, 90047",,1,,,Corporation (State of Incorporation),NO,https://motus.dot.gov/api/carriers/8100269
9092076,TOBIE TRUCKING INC,TOBIE TRUCKING INC,MC73884390,Active,Pending,Active,Motor Carrier of Property (Except Household Goods),Motor Carrier (US/Canada),+1 (786) 501-1897,cinthyar2@icloud.com,GUILLERMO RODRIGUEZ CABRERA,President,+1 (786) 501-1897,cinthyar2@icloud.com,3715 PAULA CT,LAKELAND,FL,33812,"3715 PAULA CT, LAKELAND, FL, 33812",,1,2026-09-30,1,Corporation (State of Incorporation),NO,https://motus.dot.gov/api/carriers/9092076
8751057,TJK Hauling Team LLC,TJK Hauling Team LLC,MC97479989,Active,Pending,Active,Motor Carrier of Property (Except Household Goods),Motor Carrier (US/Canada),+1 (920) 279-1687,tjkhaulingteam@gmail.com,Mirkhon Safoev,Owner,+1 (920) 279-1687,tjkhaulingteam@gmail.com,10400 Ridgeland Ave Unit 311,Chicago Ridge,IL,60415,"10400 Ridgeland Ave Unit 311, Chicago Ridge, IL, 60415",,1,,,Limited Liability Company,NO,https://motus.dot.gov/api/carriers/8751057
5670099,PM Water Tenders LLC,PM Water Tenders LLC,MC54076939,Active,Pending,Active,Motor Carrier of Property (Except Household Goods),Regulated Entity,+1 (559) 709-4762,bryan0585@yahoo.com,Bryan Patterson,Owner,+1 (559) 709-4762,bryanpatterson1@yahoo.com,5903 E. Eugenia Ave,Fresno,CA,93727,"5903 E. Eugenia Ave, Fresno, CA, 93727",,2,,,Limited Liability Company,NO,https://motus.dot.gov/api/carriers/5670099
9169090,GAASCH LOGISTICS LLC,GAASCH LOGISTICS LLC,MC72573356,Active,Pending,Active,Motor Carrier of Property (Except Household Goods),Regulated Entity,+1 (918) 986-2381,gaaschkendra@gmail.com,KENDRA GAASCH,MEMBER,+1 (918) 986-2381,gaaschkendra@gmail..com,30625 W 301ST ST SOUTH,BRISTOW,OK,74010,"30625 W 301ST ST SOUTH, BRISTOW, OK, 74010",,2,,,Limited Liability Company,NO,https://motus.dot.gov/api/carriers/9169090
6489124,B&O Transport LLC,B&O Transport LLC,MC45654204,Active,Pending,Active,Motor Carrier of Property (Except Household Goods),Regulated Entity,+1 (706) 280-8846,os_performance@yahoo.com,Omar Esqueda Madrigal,Owner,+1 (706) 280-8846,omarlio@yahoo.com,1309 N Grayson St,Hobbs,NM,88240,"1247 W Broadway Pl, Hobbs, NM, 88240-5562",,1,,,Limited Liability Company,NO,https://motus.dot.gov/api/carriers/6489124
5767308,M&A TRANSPORTATION INC.,M&A TRANSPORTATION INC.,MC83845776,Active,Pending,Active,Motor Carrier of Property (Except Household Goods),Regulated Entity,+1 (708) 340-4681,mandatransportationinc@gmail.com,MAURICE ALEXANDER,President,+1 (708) 340-4681,mandatransportationinc@gmail.com,3582 PRAIRIE DR,DYER,IN,46311,"3582 PRAIRIE DR, DYER, IN, 46311",,1,,,Corporation (State of Incorporation),NO,https://motus.dot.gov/api/carriers/5767308
9816607,WHOLE TRUCKING LOGISTICS INC,WHOLE TRUCKING LOGISTICS INC,MC63997073,Active,Pending,Active,Motor Carrier of Property (Except Household Goods),Regulated Entity,+1 (617) 259-6254,standingmultiservices@gmail.com,HERVE JOACHIM,CEO,+1 (617) 259-6254,standingmultiservices@gmail.com,493 BELMONT ST,BROCKTON,MA,02301,"493 BELMONT ST, BROCKTON, MA, 02301",,1,,,Corporation (State of Incorporation),NO,https://motus.dot.gov/api/carriers/9816607
8857638,OTERO & GONZALEZ TRANSPORT LLC,OTERO & GONZALEZ TRANSPORT LLC,MC62244546,Active,Pending,Active,Motor Carrier of Property (Except Household Goods),Motor Carrier (US/Canada),+1 (502) 835-1464,oterogonzaleztransportllc@gmail.com,YANET GONZALEZ PINO,Owner,+1 (502) 835-1464,oterogonzaleztransportllc@gmail.com,3509 Schaffner Drive,Louisville,KY,40216,"3509 Schaffner Drive, Louisville, KY, 40216",,1,,,Limited Liability Company,NO,https://motus.dot.gov/api/carriers/8857638
8211454,RBP CONSTRUCTION,RBP CONSTRUCTION,MC53327173,Active,Pending,Active,Motor Carrier of Property (Except Household Goods),Regulated Entity,+1 (971) 291-3812,admin@rbpbuilds.com,Brandon bautista,Owner,+1 (971) 201-2913,admin@rbpbuilds.com,13380 nw mill creek dr,beaverton,OR,97005,"13380 nw mill creek dr, beaverton, OR, 97005",,1,,,Limited Liability Company,NO,https://motus.dot.gov/api/carriers/8211454
5964042,Str8 Out The Boot LLC,Str8 Out The Boot LLC,MC70565198,Active,Pending,Active,Motor Carrier of Property (Except Household Goods),Motor Carrier (US/Canada),+1 (504) 224-0828,str8outtheboot@gmail.com,raheem williams,Owner,+1 (504) 422-6683,williams.ra08@gmail.com,1854 Fountain Ave,Baton Rouge,LA,70810,"1854 Fountain Ave, Baton Rouge, LA, 70810",,1,,,Limited Liability Company,NO,https://motus.dot.gov/api/carriers/5964042
9809775,EAGLE POINT TRANSPORT CORP,EAGLE POINT TRANSPORT CORP,MC73182056,Active,Pending,Active,Motor Carrier of Property (Except Household Goods),Regulated Entity,+1 (407) 968-7234,eaglepoint783@gmail.com,KENSON DESARMES,Owner,+1 (407) 968-7234,eaglepoint783@gmail.com,108 SPOONBILL CT,KISSIMMEE,FL,34759,"108 SPOONBILL CT, KISSIMMEE, FL, 34759",,2,2026-09-30,,Corporation (State of Incorporation),NO,https://motus.dot.gov/api/carriers/9809775
9810237,FREIGHTWINGS EXPRESS INC,FREIGHTWINGS EXPRESS INC,MC46054417,Active,Pending,Active,Motor Carrier of Property (Except Household Goods),Regulated Entity,+1 (734) 288-8332,dispatch.freightwings@gmail.com,HUSSEIN ATIEFA,Partner,+1 (734) 288-8332,dispatch.freightwings@gmail.com,8965 INDIGO LN,YPSILANTI,MI,48197,"8965 INDIGO LN, YPSILANTI, MI, 48197",,1,,,Corporation (State of Incorporation),NO,https://motus.dot.gov/api/carriers/9810237
4245767,DELTA CROSS EXPRESS LLC,DELTA CROSS EXPRESS LLC,MC64313395,Active,Pending,Active,Motor Carrier of Property (Except Household Goods),Motor Carrier (US/Canada),9517648283,admin@deltacrossexpress.com,TISHA JUAREZ,OWNER,9517648283,admin@deltacrossexpress.com,16521 NECTARINE WAY,LAKE ELSINORE,CA,92530-1733,"16521 NECTARINE WAY, LAKE ELSINORE, CA, 92530",0,1,2026-09-30,10000,Other,NO,https://motus.dot.gov/api/carriers/4245767
7135320,OL&M TRANSPORTATION LLC,OL&M TRANSPORTATION LLC,MC97866620,Active,Pending,Active,Motor Carrier of Property (Except Household Goods),Regulated Entity,+1 (404) 272-1175,olmtransportation2@gmail.com,ONEIL brown,Owner,+1 (404) 272-1175,olmtransportation2@gmail.com,8370 Hollis St,DOUGLASVILLE,GA,30134,"8370 HOLLIS ST, DOUGLASVILLE, GA, 30134-1120",,1,2026-09-30,,Limited Liability Company,NO,https://motus.dot.gov/api/carriers/7135320
4582009,KUTAISI LOGISTIC INC,KUTAISI LOGISTIC INC,MC1824069,Active,Active,Active,Motor Carrier of Property (Except Household Goods),Motor Carrier (US/Canada),9296252555,kutaisilogistic@gmail.com,TEIMURAZI TCHAVTCHANIDZE,PRESIDENT,9296252555,kutaisilogistic@gmail.com,1114 GILMORE CT,BROOKLYN,NY,11235-5114,"1114 GILMORE CT, BROOKLYN, NY, 11235",0,1,2026-05-13,0,Other,NO,https://motus.dot.gov/api/carriers/4582009
4581873,M A SERVICES & TRANSPORTATION LLC,M A SERVICES & TRANSPORTATION LLC,MC1823993,Active,Active,Active,Motor Carrier of Property (Except Household Goods),Motor Carrier (US/Canada),7867946060,michel.alonso1@icloud.com,MICHEL ALONSO FILGUEIRA,MGR,7867946060,michel.alonso1@icloud.com,9904 NW 80TH PL,HIALEAH GARDENS,FL,33016-2280,"9904 NW 80TH PL, HIALEAH GARDENS, FL, 33016",0,1,2026-05-13,0,Other,NO,https://motus.dot.gov/api/carriers/4581873
8765699,Mad Bull Trucking LLC,Mad Bull Trucking LLC,MC76301074,Active,Pending,Active,Motor Carrier of Property (Except Household Goods),Regulated Entity,+1 (956) 497-5937,mleal77@icloud.com,Mario Leal,Owner,+1 (956) 497-5937,mleal77@icloud.com,28049 Norma Linda Rd,San Benito,TX,78586-5649,"28049 Norma Linda Rd, San Benito, TX, 78586-5649",,1,,,Limited Liability Company,NO,https://motus.dot.gov/api/carriers/8765699
7353794,MONFARANTO LLC,MONFARANTO LLC,MC91627494,Active,Pending,Active,Motor Carrier of Property (Except Household Goods),Regulated Entity,+1 (872) 379-7222,monfarantollc@gmail.com,ZORAN SAKOVIC,Owner,+1 (872) 379-7222,monfarantollc@gmail.com,535 S CLEVELAND AVE  APT 205,ARLINGTON HEIGHTS,IL,60005,"535 S CLEVELAND AVE  APT 205, ARLINGTON HEIGHTS, IL, 60005",,0,,,Limited Liability Company,NO,https://motus.dot.gov/api/carriers/7353794
9359059,Kawsar Logistics LLC,Kawsar Logistics LLC,MC47183966,Active,Pending,Active,Motor Carrier of Property (Except Household Goods),Motor Carrier (US/Canada),+1 (336) 549-6930,khanmirmasoom24@gmail.com,Khanmir Masoom,Owner,+1 (336) 549-6930,khanmirmasoom24@gmail.com,4515 Gardendale St Apt1706,San Antonio,TX,78240-1113,"4515 Gardendale St Apt1706, San Antonio, TX, 78240-1113",,1,2026-10-01,250000,Limited Liability Company,NO,https://motus.dot.gov/api/carriers/9359059
6627552,VEGA LOGISTICS L.L.C.,VEGA LOGISTICS L.L.C.,MC63531088,Active,Pending,Active,Motor Carrier of Property (Except Household Goods),Regulated Entity,+1 (572) 208-2154,satyapaavan7@gmail.com,Paavansatya Aripilli,Owner,+1 (572) 208-2154,satyapaavan7@gmail.com,7520 rhodeisland ave APT A,College Park,MD,20740,"7520 rhodeisland ave APT A, College Park, MD, 20740",,0,2026-09-30,,Limited Liability Company,NO,https://motus.dot.gov/api/carriers/6627552
8609529,ODD'ANNS LLC,ODD'ANNS LLC,MC53508798,Active,Pending,Active,Motor Carrier of Property (Except Household Goods),Motor Carrier (US/Canada),+1 (443) 839-4128,kianitrak@gmail.com,Kianitra Kennedy,Owner,+1 (443) 839-4128,kianitrak@gmail.com,1826 BLUE JAY CT,SEVERN,MD,21144,"1826 BLUE JAY CT, SEVERN, MD, 21144",,1,,,Limited Liability Company,NO,https://motus.dot.gov/api/carriers/8609529
6770727,DOLPHIN LOGISTICS LLC,DOLPHIN LOGISTICS LLC,MC91188285,Active,Pending,Active,Motor Carrier of Property (Except Household Goods),Motor Carrier (US/Canada),+1 (614) 260-5752,dolphinlogisticsllc20@gmail.com,AHMED MOHAMED,Owner,+1 (614) 260-5752,dolphinlogisticsllc20@gmail.com,3085 CASSADY VILLAGE TRL APT#G7,COLUMBUS,OH,43219,"3085 CASSADY VILLAGE TRL APT#G7, COLUMBUS, OH, 43219",,1,,,Limited Liability Company,NO,https://motus.dot.gov/api/carriers/6770727
